name,combo
John,6-5-2
William,1-6-7
James,6-6-3
Charles,6-6-3
George,7-5-3
Frank,1-4-5
Joseph,2-8-1
Thomas,7-6-4
Henry,5-2-7
Robert,2-4-6
Edward,6-4-1
Harry,1-6-7
Walter,6-1-7
Arthur,4-1-5
Fred,5-1-6
Albert,6-7-4
Samuel,9-8-8
David,1-3-4
Louis,9-4-4
Joe,2-1-3
Charlie,6-5-2
Clarence,2-5-7
Richard,1-6-7
Andrew,6-5-2
Daniel,6-3-9
Ernest,1-8-9
Will,9-2-2
Jesse,1-3-4
Oscar,7-4-2
Lewis,5-9-5
Peter,1-9-1
Benjamin,6-8-5
Frederick,1-6-7
Willie,5-2-7
Alfred,6-4-1
Sam,1-5-6
Roy,6-7-4
Herbert,1-3-4
Jacob,7-6-4
Tom,6-6-3
Elmer,1-7-8
Carl,1-6-7
Lee,1-3-4
Howard,7-8-6
Martin,1-2-3
Michael,6-9-6
Bert,5-4-9
Herman,6-8-5
Jim,9-5-5
Francis,1-6-7
Harvey,6-1-7
Earl,6-3-9
Eugene,9-3-3
Ralph,1-9-1
Ed,5-4-9
Claude,9-1-1
Edwin,5-5-1
Ben,5-7-3
Charley,6-3-9
Paul,4-1-5
Edgar,6-2-8
Isaac,2-4-6
Otto,3-4-7
Luther,8-4-3
Lawrence,2-7-9
Ira,1-9-1
Patrick,1-5-6
Guy,3-5-8
Oliver,2-7-9
Theodore,4-5-9
Hugh,3-5-8
Clyde,5-8-4
Alexander,3-9-3
August,7-1-8
Floyd,6-2-8
Homer,2-3-5
Jack,1-6-7
Leonard,3-3-6
Horace,3-2-5
Marion,7-9-7
Philip,9-7-7
Allen,6-2-8
Archie,6-2-8
Stephen,1-5-6
Chester,1-5-6
Willis,9-3-3
Raymond,7-4-2
Rufus,6-7-4
Warren,6-1-7
Jessie,1-3-4
Milton,6-5-2
Alex,6-9-6
Leo,2-3-5
Julius,6-5-2
Ray,1-7-8
Sidney,5-8-4
Bernard,6-2-8
Dan,1-9-1
Jerry,5-8-4
Calvin,1-6-7
Perry,5-5-1
Dave,6-8-5
Anthony,7-2-9
Eddie,1-8-9
Amos,7-5-3
Dennis,5-6-2
Clifford,6-4-1
Leroy,2-1-3
Wesley,1-7-8
Alonzo,4-7-2
Garfield,6-2-8
Franklin,1-3-4
Emil,5-7-3
Leon,2-8-1
Nathan,2-2-4
Harold,7-6-4
Matthew,6-3-9
Levi,5-7-3
Moses,2-6-8
Everett,6-8-5
Lester,1-6-7
Winfield,5-5-1
Adam,2-8-1
Lloyd,6-8-5
Mack,1-9-1
Fredrick,5-6-2
Jay,1-8-9
Jess,5-3-8
Melvin,5-7-3
Noah,7-4-2
Aaron,8-5-4
Alvin,1-3-4
Norman,7-5-3
Gilbert,5-5-1
Elijah,6-3-9
Victor,6-9-6
Gus,3-8-2
Nelson,2-5-7
Jasper,6-9-6
Silas,1-5-6
Christopher,2-2-4
Jake,6-3-9
Mike,5-6-2
Percy,5-8-4
Adolph,7-4-2
Maurice,9-7-7
Cornelius,5-3-8
Felix,5-6-2
Reuben,4-7-2
Wallace,7-5-3
Claud,4-1-5
Roscoe,8-4-3
Sylvester,1-9-1
Earnest,2-8-1
Hiram,1-3-4
Otis,6-3-9
Simon,6-1-7
Willard,1-6-7
Irvin,9-9-9
Mark,1-6-7
Jose,2-2-4
Wilbur,3-1-4
Abraham,3-5-8
Virgil,9-5-5
Clinton,6-9-6
Elbert,1-7-8
Leslie,1-7-8
Marshall,2-1-3
Owen,2-1-3
Wiley,5-6-2
Anton,7-3-1
Morris,6-5-2
Manuel,9-3-3
Phillip,9-1-1
Augustus,1-2-3
Emmett,1-3-4
Eli,5-3-8
Nicholas,7-2-9
Wilson,6-5-2
Alva,2-7-9
Harley,6-9-6
Newton,2-8-1
Timothy,6-5-2
Marvin,1-4-5
Ross,6-2-8
Curtis,3-6-9
Edmund,8-8-7
Jeff,5-4-9
Elias,6-4-1
Harrison,7-5-3
Stanley,6-9-6
Columbus,3-4-7
Lon,6-8-5
Ora,7-9-7
Ollie,2-6-8
Russell,8-8-7
Pearl,6-1-7
Solomon,9-4-4
Arch,1-2-3
Asa,2-1-3
Clayton,7-4-2
Enoch,2-7-9
Irving,9-7-7
Mathew,6-1-7
Nathaniel,7-5-3
Scott,6-8-5
Hubert,8-3-2
Lemuel,4-1-5
Andy,1-7-8
Ellis,5-7-3
Emanuel,5-3-8
Joshua,1-1-2
Millard,1-5-6
Vernon,2-5-7
Wade,6-9-6
Cyrus,3-2-5
Miles,5-8-4
Rudolph,9-4-4
Sherman,6-9-6
Austin,4-8-3
Bill,9-8-8
Chas,1-3-4
Lonnie,2-4-6
Monroe,8-9-8
Byron,6-5-2
Edd,5-8-4
Emery,1-2-3
Grant,1-5-6
Jerome,7-5-3
Max,1-1-2
Mose,2-5-7
Steve,1-7-8
Gordon,3-7-1
Abe,6-2-8
Pete,1-9-1
Chris,9-3-3
Clark,1-8-9
Gustave,9-5-5
Orville,2-1-3
Lorenzo,8-7-6
Bruce,8-5-4
Marcus,4-8-3
Preston,2-6-8
Bob,6-4-1
Dock,6-9-6
Donald,7-7-5
Jackson,7-3-1
Cecil,5-9-5
Barney,6-5-2
Delbert,1-2-3
Edmond,2-8-1
Anderson,3-6-9
Christian,1-1-2
Glenn,5-2-7
Jefferson,7-1-8
Luke,8-5-4
Neal,6-8-5
Burt,3-4-7
Ike,5-2-7
Myron,6-7-4
Tony,6-5-2
Conrad,7-3-1
Joel,2-4-6
Matt,1-8-9
Riley,5-1-6
Vincent,5-1-6
Emory,2-2-4
Isaiah,2-9-2
Nick,9-1-1
Ezra,6-8-5
Green,1-3-4
Juan,4-6-1
Clifton,6-1-7
Lucius,6-7-4
Porter,2-9-2
Arnold,7-3-1
Bud,3-6-9
Jeremiah,2-4-6
Taylor,7-5-3
Forrest,2-9-2
Roland,7-3-1
Spencer,1-7-8
Burton,9-9-9
Don,6-9-6
Emmet,1-1-2
Gustav,4-5-9
Louie,5-3-8
Morgan,7-7-5
Ned,5-9-5
Van,1-9-1
Ambrose,3-7-1
Chauncey,9-8-8
Elisha,6-3-9
Ferdinand,6-6-3
General,2-6-8
Julian,4-9-4
Kenneth,1-4-5
Mitchell,5-5-1
Allie,6-6-3
Josh,6-1-7
Judson,9-2-2
Lyman,1-1-2
Napoleon,9-2-2
Pedro,2-2-4
Berry,5-9-5
Dewitt,5-4-9
Ervin,5-9-5
Forest,2-9-2
Lynn,7-4-2
Pink,9-5-5
Ruben,8-7-6
Sanford,7-7-5
Ward,1-9-1
Douglas,1-6-7
Ole,2-3-5
Omer,2-4-6
Ulysses,8-4-3
Walker,6-1-7
Wilbert,5-3-8
Adelbert,2-2-4
Benjiman,6-8-5
Ivan,1-9-1
Jonas,7-7-5
Major,7-5-3
Abner,6-7-4
Archibald,2-2-4
Caleb,6-8-5
Clint,9-4-4
Dudley,8-9-8
Granville,6-4-1
King,9-5-5
Mary,1-2-3
Merton,2-2-4
Antonio,4-3-7
Bennie,1-3-4
Carroll,7-9-7
Freeman,2-6-8
Josiah,7-1-8
Milo,6-7-4
Royal,7-3-1
Dick,9-9-9
Earle,2-3-5
Elza,6-2-8
Emerson,7-1-8
Fletcher,1-4-5
Judge,8-3-2
Laurence,5-2-7
Neil,5-8-4
Roger,2-7-9
Seth,5-2-7
Glen,5-6-2
Hugo,9-6-6
Jimmie,5-9-5
Johnnie,2-1-3
Washington,7-6-4
Elwood,8-3-2
Gust,3-1-4
Harmon,7-8-6
Jordan,7-1-8
Simeon,2-1-3
Wayne,6-8-5
Wilber,5-1-6
Clem,5-1-6
Evan,6-9-6
Frederic,1-4-5
Irwin,9-1-1
Junius,6-7-4
Lafayette,3-2-5
Loren,2-8-1
Madison,7-5-3
Mason,7-1-8
Orval,7-7-5
Abram,2-6-8
Aubrey,9-9-9
Elliott,2-1-3
Hans,1-5-6
Karl,1-5-6
Minor,6-9-6
Wash,1-5-6
Wilfred,5-9-5
Allan,2-2-4
Alphonse,3-6-9
Dallas,2-2-4
Dee,1-4-5
Isiah,1-9-1
Jason,7-7-5
Johnny,6-8-5
Lawson,7-5-3
Lew,5-8-4
Micheal,6-9-6
Orin,6-5-2
Addison,7-5-3
Cal,1-6-7
Erastus,9-4-4
Francisco,7-9-7
Hardy,1-1-2
Lucien,8-2-1
Randolph,7-9-7
Stewart,6-1-7
Vern,5-9-5
Wilmer,5-3-8
Zack,1-4-5
Adrian,2-9-2
Alvah,2-6-8
Bertram,6-8-5
Clay,1-4-5
Ephraim,6-1-7
Fritz,9-7-7
Giles,5-2-7
Grover,2-2-4
Harris,1-9-1
Isom,6-5-2
Jesus,8-3-2
Johnie,2-5-7
Jonathan,8-3-2
Lucian,4-2-6
Malcolm,7-8-6
Merritt,5-8-4
Otho,3-1-4
Perley,1-8-9
Rolla,7-6-4
Sandy,1-8-9
Tomas,7-7-5
Wilford,6-9-6
Adolphus,1-5-6
Angus,4-4-8
Arther,6-1-7
Carlos,7-7-5
Cary,1-1-2
Cassius,4-6-1
Davis,1-9-1
Hamilton,7-4-2
Harve,6-3-9
Israel,6-4-1
Leander,2-3-5
Melville,1-8-9
Merle,1-7-8
Murray,4-2-6
Pleasant,7-9-7
Sterling,5-9-5
Steven,1-3-4
Axel,6-9-6
Boyd,6-4-1
Bryant,1-7-8
Clement,1-8-9
Erwin,5-1-6
Ezekiel,6-4-1
Foster,2-9-2
Frances,6-6-3
Geo,2-7-9
Houston,6-7-4
Issac,1-5-6
Jules,8-5-4
Larkin,1-1-2
Mat,1-6-7
Morton,3-2-5
Orlando,4-3-7
Pierce,1-1-2
Prince,5-6-2
Rollie,2-6-8
Rollin,6-2-8
Sim,9-5-5
Stuart,4-5-9
Wilburn,3-6-9
Bennett,1-7-8
Casper,6-2-8
Christ,9-5-5
Dell,5-1-6
Egbert,1-2-3
Elmo,2-7-9
Fay,1-4-5
Gabriel,6-3-9
Hector,2-4-6
Horatio,4-1-5
Lige,5-1-6
Saul,4-4-8
Smith,9-6-6
Squire,8-9-8
Tobe,2-4-6
Tommie,2-1-3
Wyatt,1-7-8
Alford,7-4-2
Alma,2-7-9
Alton,7-1-8
Andres,6-1-7
Burl,3-5-8
Cicero,2-6-8
Dean,6-9-6
Dorsey,2-3-5
Enos,2-6-8
Howell,2-1-3
Lou,9-3-3
Loyd,6-5-2
Mahlon,7-2-9
Nat,1-7-8
Omar,7-4-2
Oran,7-5-3
Parker,6-9-6
Raleigh,6-9-6
Reginald,6-1-7
Rubin,3-7-1
Seymour,5-3-8
Wm,0-9-9
Young,9-1-1
Benjamine,2-8-1
Carey,6-1-7
Carlton,7-4-2
Eldridge,1-9-1
Elzie,1-2-3
Garrett,6-2-8
Isham,1-4-5
Johnson,3-2-5
Larry,1-1-2
Logan,7-6-4
Merrill,5-1-6
Mont,6-2-8
Oren,2-5-7
Pierre,1-7-8
Rex,5-6-2
Rodney,2-7-9
Ted,5-6-2
Webster,1-1-2
West,5-8-4
Wheeler,6-7-4
Willam,1-6-7
Al,1-3-4
Aloysius,1-3-4
Alvie,6-7-4
Anna,2-1-3
Art,1-2-3
Augustine,3-6-9
Bailey,6-3-9
Benjaman,7-8-6
Beverly,1-7-8
Bishop,6-9-6
Clair,1-6-7
Cloyd,6-8-5
Coleman,3-6-9
Dana,2-9-2
Duncan,4-8-3
Dwight,9-8-8
Emile,1-7-8
Evert,1-6-7
Henderson,7-5-3
Hunter,8-6-5
Jean,6-6-3
Lem,5-7-3
Luis,3-4-7
Mathias,2-6-8
Maynard,2-2-4
Miguel,8-5-4
Mortimer,2-1-3
Nels,5-9-5
Norris,6-6-3
Pat,1-9-1
Phil,9-9-9
Rush,3-9-3
Santiago,8-6-5
Sol,6-4-1
Sydney,5-6-2
Thaddeus,9-1-1
Thornton,3-4-7
Tim,9-6-6
Travis,1-7-8
Truman,4-2-6
Watson,7-4-2
Webb,5-9-5
Wellington,2-3-5
Winfred,5-2-7
Wylie,5-6-2
Alec,6-6-3
Basil,1-6-7
Baxter,6-1-7
Bertrand,6-4-1
Buford,9-3-3
Burr,3-2-5
Cleveland,2-4-6
Colonel,8-5-4
Dempsey,1-5-6
Early,6-1-7
Ellsworth,2-4-6
Fate,6-8-5
Finley,5-3-8
Gabe,6-9-6
Garland,2-1-3
Gerald,6-5-2
Herschel,1-5-6
Hezekiah,2-8-1
Justus,6-5-2
Lindsey,5-2-7
Marcellus,9-5-5
Olaf,7-9-7
Olin,6-8-5
Pablo,7-3-1
Rolland,7-6-4
Turner,8-7-6
Verne,1-9-1
Volney,2-1-3
Williams,1-7-8
Almon,7-3-1
Alois,7-4-2
Alonza,8-7-6
Anson,7-2-9
Authur,7-1-8
Benton,2-5-7
Billie,5-8-4
Cornelious,2-3-5
Darius,4-5-9
Denis,5-1-6
Dillard,1-5-6
Doctor,3-9-3
Elvin,5-3-8
Emma,6-8-5
Eric,5-3-8
Evans,6-1-7
Gideon,2-7-9
Haywood,4-6-1
Hilliard,1-9-1
Hosea,3-9-3
Lincoln,6-1-7
Lonzo,3-7-1
Lucious,3-7-1
Lum,3-7-1
Malachi,2-9-2
Newt,5-3-8
Noel,2-8-1
Orie,2-9-2
Palmer,6-5-2
Pinkney,5-8-4
Shirley,5-1-6
Sumner,8-1-9
Terry,5-9-5
Urban,4-7-2
Uriah,4-8-3
Valentine,2-1-3
Waldo,7-3-1
Warner,6-1-7
Wong,6-8-5
Zeb,5-1-6
Abel,6-5-2
Alden,6-3-9
Archer,6-2-8
Avery,6-2-8
Carson,7-9-7
Cullen,8-5-4
Doc,6-7-4
Eben,1-7-8
Elige,1-1-2
Elizabeth,2-5-7
Elmore,7-7-5
Ernst,5-8-4
Finis,9-3-3
Freddie,1-5-6
Godfrey,2-6-8
Guss,3-9-3
Hamp,1-1-2
Hermann,6-4-1
Isadore,3-5-8
Isreal,6-4-1
Jones,2-7-9
June,8-6-5
Lacy,1-4-5
Lafe,6-9-6
Leland,6-6-3
Llewellyn,1-2-3
Ludwig,3-1-4
Manford,7-1-8
Maxwell,6-3-9
Minnie,5-5-1
Obie,2-2-4
Octave,3-9-3
Orrin,6-5-2
Ossie,2-2-4
Oswald,7-4-2
Park,1-9-1
Parley,6-8-5
Ramon,7-9-7
Rice,5-3-8
Stonewall,3-1-4
Theo,2-1-3
Tillman,1-8-9
Addie,6-8-5
Aron,7-5-3
Ashley,6-1-7
Bernhard,6-1-7
Bertie,1-4-5
Berton,2-9-2
Buster,8-5-4
Butler,8-7-6
Carleton,3-4-7
Carrie,6-3-9
Clara,2-6-8
Clarance,7-5-3
Clare,6-6-3
Crawford,7-9-7
Danial,2-3-5
Dayton,7-2-9
Dolphus,9-5-5
Elder,1-7-8
Ephriam,6-1-7
Fayette,2-8-1
Felipe,1-7-8
Fernando,3-2-5
Flem,5-4-9
Florence,7-8-6
Ford,6-1-7
Harlan,2-7-9
Hayes,6-7-4
Henery,1-2-3
Hoy,6-6-3
Huston,9-7-7
Ida,1-4-5
Ivory,6-2-8
Jonah,7-5-3
Justin,3-9-3
Lenard,6-3-9
Leopold,8-8-7
Lionel,2-2-4
Manley,6-1-7
Marquis,4-4-8
Marshal,2-7-9
Mart,1-6-7
Odie,2-4-6
Olen,2-8-1
Oral,7-3-1
Orley,2-1-3
Otha,7-1-8
Press,5-9-5
Price,5-1-6
Quincy,3-5-8
Randall,2-6-8
Rich,9-2-2
Richmond,6-6-3
Romeo,8-4-3
Russel,8-5-4
Rutherford,5-2-7
Shade,6-4-1
Shelby,5-3-8
Solon,3-9-3
Thurman,4-1-5
Tilden,5-5-1
Troy,6-9-6
Woodson,9-6-6
Worth,6-6-3
Aden,6-9-6
Alcide,6-1-7
Alf,1-9-1
Algie,6-1-7
Arlie,6-3-9
Bart,1-4-5
Bedford,2-7-9
Benito,2-9-2
Billy,9-6-6
Bird,9-6-6
Birt,9-4-4
Bruno,9-7-7
Burley,8-3-2
Chancy,1-8-9
Claus,4-7-2
Cliff,9-9-9
Clovis,6-2-8
Connie,2-4-6
Creed,1-7-8
Delos,2-8-1
Duke,8-6-5
Eber,1-2-3
Eligah,6-9-6
Elliot,2-8-1
Elton,2-1-3
Emmitt,5-3-8
Gene,1-3-4
Golden,2-1-3
Hal,1-2-3
Hardin,1-8-9
Harman,2-8-1
Hervey,1-1-2
Hollis,6-6-3
Ivey,5-2-7
Jennie,1-2-3
Len,5-8-4
Lindsay,1-2-3
Lonie,2-8-1
Lyle,5-4-9
Mac,1-7-8
Mal,1-7-8
Math,1-5-6
Miller,5-1-6
Orson,3-6-9
Osborne,8-8-7
Percival,6-8-5
Pleas,6-2-8
Ples,5-2-7
Rafael,7-9-7
Raoul,1-3-4
Roderick,2-9-2
Rose,2-1-3
Shelton,2-1-3
Sid,9-5-5
Theron,2-6-8
Tobias,7-5-3
Toney,2-5-7
Tyler,5-3-8
Vance,6-3-9
Vivian,1-4-5
Walton,7-6-4
Watt,1-9-1
Weaver,2-9-2
Wilton,6-6-3
Adolf,7-4-2
Albin,1-1-2
Albion,7-1-8
Allison,7-3-1
Alpha,2-9-2
Alpheus,9-1-1
Anastacio,9-2-2
Andre,6-9-6
Annie,6-1-7
Arlington,7-4-2
Armand,2-4-6
Asberry,6-1-7
Asbury,4-1-5
Asher,6-9-6
Augustin,7-6-4
Auther,9-1-1
Author,1-1-2
Ballard,2-3-5
Blas,1-6-7
Caesar,7-4-2
Candido,7-7-5
Cato,7-5-3
Clarke,6-8-5
Clemente,6-8-5
Colin,6-2-8
Commodore,5-6-2
Cora,7-3-1
Coy,6-1-7
Cruz,3-2-5
Curt,3-5-8
Damon,7-4-2
Davie,6-8-5
Delmar,6-2-8
Dexter,1-3-4
Dora,7-4-2
Doss,6-6-3
Drew,5-9-5
Edson,2-1-3
Elam,6-7-4
Elihu,8-2-1
Eliza,6-2-8
Elsie,1-4-5
Erie,1-9-1
Ernie,1-5-6
Ethel,1-4-5
Ferd,5-1-6
Friend,5-6-2
Garry,1-5-6
Gary,1-5-6
Grace,6-1-7
Gustaf,4-7-2
Hallie,6-5-2
Hampton,7-8-6
Harrie,6-8-5
Hattie,6-3-9
Hence,1-7-8
Hillard,1-9-1
Hollie,2-5-7
Holmes,2-7-9
Hope,2-6-8
Hyman,1-6-7
Ishmael,6-7-4
Jarrett,6-5-2
Jessee,6-3-9
Joeseph,7-8-6
Junious,3-7-1
Kirk,9-4-4
Levy,5-5-1
Mervin,5-4-9
Michel,5-9-5
Milford,6-8-5
Mitchel,5-2-7
Nellie,1-2-3
Noble,2-1-3
Obed,2-6-8
Oda,7-4-2
Orren,2-5-7
Ottis,6-5-2
Rafe,6-6-3
Redden,1-4-5
Reese,6-1-7
Rube,8-2-1
Ruby,3-9-3
Rupert,8-9-8
Salomon,4-4-8
Sammie,6-9-6
Sanders,6-2-8
Soloman,4-4-8
Stacy,1-4-5
Stanford,7-9-7
Stanton,7-6-4
Thad,1-5-6
Titus,3-5-8
Tracy,1-3-4
Vernie,1-9-1
Wendell,1-2-3
Wilhelm,5-5-1
Willian,1-7-8
Yee,1-7-8
Zeke,1-1-2
Ab,1-2-3
Abbott,7-8-6
Agustus,7-2-9
Albertus,9-8-8
Almer,6-7-4
Alphonso,4-6-1
Alvia,2-7-9
Artie,6-2-8
Arvid,1-8-9
Ashby,1-9-1
Augusta,8-1-9
Aurthur,7-1-8
Babe,6-4-1
Baldwin,1-1-2
Barnett,6-2-8
Bartholomew,9-6-6
Barton,7-9-7
Bernie,1-7-8
Blaine,6-1-7
Boston,3-1-4
Brad,1-6-7
Bradford,7-7-5
Bradley,6-7-4
Brooks,3-5-8
Buck,3-7-1
Budd,3-1-4
Ceylon,2-9-2
Chalmers,6-1-7
Chesley,1-4-5
Chin,9-7-7
Cleo,2-6-8
Crockett,2-3-5
Cyril,9-4-4
Daisy,1-3-4
Denver,1-4-5
Dow,6-9-6
Duff,3-7-1
Edie,1-4-5
Edith,5-5-1
Elick,5-8-4
Elie,1-3-4
Eliga,6-1-7
Eliseo,7-4-2
Elroy,2-1-3
Ely,5-1-6
Ennis,5-2-7
Enrique,4-4-8
Erasmus,9-6-6
Esau,9-1-1
Everette,2-8-1
Firman,1-6-7
Fleming,5-7-3
Flora,7-9-7
Gardner,6-7-4
Gee,1-7-8
Gorge,2-5-7
Gottlieb,2-7-9
Gregorio,8-5-4
Gregory,2-3-5
Gustavus,7-6-4
Halsey,6-1-7
Handy,1-6-7
Hardie,6-3-9
Harl,1-2-3
Hayden,6-6-3
Hays,1-7-8
Hermon,2-8-1
Hershel,1-2-3
Holly,6-3-9
Hosteen,7-7-5
Hoyt,6-8-5
Hudson,9-9-9
Huey,8-6-5
Humphrey,8-7-6
Hunt,3-6-9
Hyrum,3-1-4
Irven,5-9-5
Isam,1-5-6
Ivy,9-2-2
Jabez,6-2-8
Jewel,1-9-1
Jodie,2-5-7
Judd,3-9-3
Julious,3-5-8
Justice,8-7-6
Katherine,2-8-1
Kelly,5-6-2
Kit,9-4-4
Knute,8-9-8
Lavern,6-3-9
Lawyer,6-6-3
Layton,7-1-8
Brown,6-3-9
Newell,1-7-8
Carter,6-5-2
Lucas,4-7-2
Ransom,7-1-8
Bee,1-2-3
Meyer,1-2-3
Paris,1-8-9
Byrd,7-6-4
Deforest,7-4-2
Dolph,6-4-1
Harper,6-6-3
Jule,8-4-3
Lambert,6-2-8
Margaret,7-4-2
Ocie,2-3-5
Orange,3-3-6
Reece,6-3-9
Roe,2-9-2
Ambers,6-7-4
Bessie,1-4-5
Collins,6-6-3
Elbridge,1-7-8
Eldon,2-3-5
Elvis,5-8-4
Gaston,7-6-4
Guadalupe,4-3-7
Hartwell,6-3-9
Knox,6-4-1
Lue,8-3-2
Manning,1-8-9
Ola,7-3-1
Reed,1-4-5
Sampson,7-9-7
Samual,5-8-4
Thos,6-2-8
Todd,6-1-7
Tommy,6-8-5
Unknown,9-4-4
Wirt,9-7-7
Woodie,8-9-8
Alice,6-6-3
Alvis,1-8-9
Ammon,7-4-2
Boss,6-4-1
Cas,1-4-5
Cass,1-5-6
Chalmer,6-9-6
Denton,2-7-9
Elsworth,2-1-3
Erving,5-7-3
Fredric,5-4-9
Furman,4-6-1
Helen,1-7-8
Pearlie,2-1-3
Plummer,8-9-8
Presley,1-9-1
Rollo,3-6-9
Roswell,2-3-5
Ruffus,6-4-1
Sheldon,2-3-5
Tilman,1-5-6
York,6-9-6
Acie,6-3-9
Alfonso,4-6-1
Ashton,7-7-5
Burke,8-4-3
Cap,1-1-2
Casimiro,7-8-6
Collie,2-9-2
Curley,8-4-3
Dale,6-7-4
Dixon,6-6-3
Dominick,6-9-6
Garret,6-9-6
Gerrit,5-9-5
Griffin,9-6-6
Hall,1-5-6
Heber,1-1-2
Hurley,8-9-8
Isidore,2-5-7
Lorenza,3-7-1
Marian,2-9-2
Maud,4-8-3
Maude,9-8-8
Murphy,3-8-2
Obe,2-2-4
Orla,7-3-1
Orlo,3-3-6
Orrie,2-9-2
Sebastian,7-2-9
Starling,1-9-1
Tolbert,2-9-2
Whit,9-6-6
Adrien,6-9-6
Alto,7-5-3
Angelo,3-6-9
Antone,3-3-6
Arden,6-9-6
Atticus,4-8-3
Belton,2-3-5
Bertha,6-3-9
Blair,1-5-6
Burrell,8-8-7
Callie,6-9-6
Campbell,6-4-1
Champ,1-4-5
Coley,2-4-6
Conway,7-4-2
Craig,1-1-2
Dalton,7-5-3
Darrell,6-1-7
Darwin,1-5-6
Dennie,1-5-6
Ebb,5-4-9
Ebbie,1-4-5
Edna,6-9-6
Ellison,2-3-5
Elonzo,8-7-6
Emit,5-6-2
Emry,5-2-7
Ephram,6-1-7
Esequiel,9-3-3
Essie,1-2-3
Esta,6-3-9
Evertt,1-8-9
Garner,6-3-9
Garnett,6-7-4
Graham,2-1-3
Gregg,5-3-8
Halbert,6-6-3
Harvie,6-3-9
Harvy,1-1-2
Hubbard,4-7-2
Jared,6-5-2
Jere,1-1-2
Joesph,2-8-1
Johnathan,8-2-1
Juluis,6-5-2
Kirby,9-2-2
Kyle,5-3-8
Lane,6-8-5
Lawerence,7-7-5
Less,5-5-1
Linwood,3-8-2
Louise,5-4-9
Lowell,2-5-7
Loy,6-1-7
Lucy,3-4-7
Manly,1-1-2
Mannie,6-5-2
Marcel,6-1-7
Marius,4-5-9
Marrion,7-9-7
Mercer,1-7-8
Monte,2-2-4
Montgomery,8-2-1
Nolan,7-4-2
Okey,2-9-2
Page,6-5-2
Philo,6-9-6
Primus,3-3-6
Prosper,2-6-8
Pryor,6-5-2
Rene,1-5-6
Robin,6-7-4
Roll,6-6-3
Seward,6-1-7
Shannon,7-6-4
Talmage,7-7-5
Vaughn,4-6-1
Verner,1-9-1
Waverly,6-1-7
Weldon,2-8-1
Wells,5-3-8
Wiliam,1-3-4
Wing,9-8-8
Wood,3-9-3
Wright,9-4-4
Add,1-8-9
Adelard,7-2-9
Cleve,1-1-2
Linus,3-9-3
Martha,2-5-7
Reinhold,2-2-4
Junior,9-6-6
Ace,6-3-9
Armstead,7-2-9
Benedict,1-7-8
Brice,5-5-1
Gibson,6-6-3
May,1-2-3
Mills,9-2-2
Adolfo,4-4-8
Alanzo,8-7-6
Antoine,3-3-6
Ethan,6-6-3
Eustace,5-6-2
Ewing,5-8-4
Fernand,6-2-8
Fisher,5-6-2
Gail,1-1-2
Harland,2-2-4
Hilary,1-9-1
Hosie,2-9-2
Lemon,2-3-5
Lora,7-3-1
Marsh,1-4-5
Newman,6-1-7
Nickolas,7-5-3
Olie,2-3-5
Pearley,2-8-1
Roman,7-9-7
Rome,2-4-6
Rowland,7-8-6
Shelly,5-4-9
Vicente,1-5-6
Weston,2-4-6
Alan,2-8-1
Alberto,3-7-1
Alexis,6-1-7
Auguste,3-1-4
Bascom,7-1-8
Cameron,3-3-6
Camille,6-4-1
Clabe,6-8-5
Cooper,8-1-9
Domingo,3-2-5
Elwin,5-4-9
Emilio,2-7-9
French,5-4-9
Gerhard,6-1-7
Hansford,7-6-4
Jarvis,1-6-7
Jobe,2-3-5
Josephus,5-9-5
Landon,7-8-6
Lennie,1-4-5
Leonidas,3-4-7
Lesley,1-5-6
Lillian,1-5-6
Linn,9-4-4
Littleton,2-8-1
Lone,2-8-1
Margarito,8-4-3
Mattie,6-8-5
Melton,2-5-7
Ott,6-4-1
Randle,6-3-9
Seaborn,3-8-2
Severt,1-7-8
Steward,6-3-9
Sylvanus,4-3-7
Theadore,8-5-4
Theophile,7-1-8
Vester,1-7-8
Wenzel,1-3-4
Alby,1-3-4
Alcee,2-6-8
Almond,7-7-5
Alvy,1-5-6
Amon,7-9-7
Ansel,6-9-6
Bayard,2-4-6
Benny,5-1-6
Bluford,9-6-6
Booker,8-4-3
Burnett,8-2-1
Burney,8-5-4
Caswell,6-6-3
Claudie,9-1-1
Conley,2-9-2
Cortez,2-4-6
Dionicio,3-3-6
Donnie,2-5-7
Eldred,1-2-3
Ell,5-6-2
Ellery,1-4-5
Ellwood,8-6-5
Elva,6-7-4
Emmit,5-1-6
Erle,1-3-4
Essex,1-8-9
Ewell,1-2-3
Ewin,5-1-6
Fabian,2-4-6
Florencio,8-8-7
Fremont,2-8-1
Gaines,6-4-1
Garnet,6-5-2
Gaylord,7-5-3
German,6-7-4
Greene,6-3-9
Brady,1-4-5
Festus,8-1-9
Jewell,1-3-4
Odell,2-1-3
Rosco,3-4-7
Bernice,1-1-2
Chauncy,4-8-3
Delmer,1-2-3
Effie,1-3-4
Ellie,1-6-7
Jimmy,9-7-7
Lars,1-4-5
Milas,1-8-9
Miner,5-9-5
Rogers,2-8-1
Sarah,2-9-2
Wess,5-7-3
Woody,3-7-1
Bryan,1-5-6
Douglass,1-7-8
Hilton,6-9-6
Irvine,5-9-5
Isidor,6-5-2
Jeptha,6-9-6
Mabel,6-9-6
Malcom,7-5-3
Mell,5-1-6
Olof,3-9-3
Robt,6-4-1
Ronald,7-3-1
Simpson,6-9-6
Spurgeon,5-2-7
Tandy,1-9-1
Thurlow,9-9-9
Toy,6-9-6
Winston,6-9-6
Zeno,2-4-6
Alphonsus,1-7-8
Alvan,2-3-5
Amado,8-8-7
Ananias,3-2-5
Ancel,6-2-8
Atlas,2-6-8
Banks,1-1-2
Barry,1-9-1
Blake,6-7-4
Blanchard,2-7-9
Bose,2-3-5
Captain,2-8-1
Ceasar,7-4-2
Chance,6-1-7
Chancey,6-8-5
Charle,6-5-2
Clide,5-1-6
Dink,9-2-2
Ella,6-6-3
Emett,1-8-9
Erick,5-5-1
Estill,5-9-5
Fenton,2-9-2
Gale,6-1-7
Gay,1-5-6
Grove,2-2-4
Hanson,7-1-8
Harlie,6-2-8
Harlow,7-7-5
Haskell,6-8-5
Ingram,1-7-8
Iva,1-4-5
Jep,5-8-4
Joy,6-8-5
Lessie,1-5-6
Lillie,5-9-5
Linton,6-6-3
Linzy,9-5-5
Little,5-1-6
Loney,2-6-8
Loring,6-6-3
Lovie,2-7-9
Lute,8-5-4
Mace,6-7-4
Matthias,2-8-1
Meredith,1-9-1
Benjamen,2-8-1
Jens,5-7-3
Oakley,3-3-6
Whitney,5-9-5
Donaciano,5-8-4
Hayward,2-6-8
Loran,7-8-6
Love,2-7-9
Son,6-6-3
Tollie,2-8-1
Vollie,2-1-3
Bonnie,2-3-5
Catherine,2-9-2
Ebenezer,2-6-8
Ewald,6-3-9
Herb,5-1-6
Julia,4-4-8
Silvester,1-2-3
Stafford,7-1-8
Sullivan,4-7-2
Thurston,9-9-9
Wayman,2-3-5
Wes,5-6-2
Winnie,5-6-2
Burrel,8-5-4
Cleon,2-2-4
Dozier,2-3-5
Elden,1-3-4
Fulton,9-7-7
Helmer,1-6-7
Hill,9-5-5
Hjalmer,6-7-4
Ignatz,1-4-5
Kelley,1-6-7
Marlin,1-3-4
Moody,3-6-9
Myrtle,5-7-3
Namon,7-5-3
Odin,6-9-6
Odis,6-5-2
Oley,2-1-3
Osborn,3-8-2
Osie,2-1-3
Prentice,1-8-9
Purl,3-1-4
Roby,6-9-6
Shep,5-7-3
Simmie,5-9-5
Stanislaus,5-4-9
Vander,6-4-1
Zollie,2-5-7
Abb,1-4-5
Ah,1-8-9
Aleck,6-8-5
Beecher,6-4-1
Blain,1-1-2
Bowman,7-7-5
Bunk,3-9-3
Burgess,8-2-1
Carol,7-6-4
Charly,1-3-4
Clell,5-3-8
Cody,6-5-2
Lamar,2-7-9
Worley,2-6-8
Arley,6-1-7
Nicolas,7-3-1
Terence,6-1-7
Claire,6-6-3
Earley,2-1-3
Elzy,5-9-5
Fielding,5-7-3
Gertrude,4-4-8
Nora,7-5-3
Norton,3-3-6
Clemens,1-7-8
Earlie,2-3-5
Ellen,1-2-3
Epifanio,3-9-3
Glover,2-5-7
Lark,1-5-6
Laurance,1-2-3
Leigh,5-9-5
Braxton,7-6-4
Cleave,2-1-3
Colon,3-2-5
Constantine,3-5-8
Dominic,6-7-4
Emiliano,3-3-6
Fleet,1-2-3
Franklyn,1-1-2
Hobart,7-3-1
Josephine,7-4-2
Laverne,2-3-5
Lillard,1-4-5
Lim,9-7-7
Merlin,5-3-8
Milan,1-3-4
Nim,9-9-9
Norbert,2-9-2
North,6-6-3
Orland,7-3-1
Orvis,6-5-2
Reason,3-6-9
Rob,6-2-8
Virge,5-2-7
Zenas,6-5-2
Ada,2-4-6
Alejandro,4-4-8
Atha,2-1-3
Audie,9-4-4
Boyce,2-3-5
Brent,5-9-5
Burdette,4-1-5
Cash,1-3-4
Chase,6-3-9
Clive,5-1-6
Courtney,5-8-4
Cris,9-4-4
Dawson,7-6-4
Drury,3-2-5
Duane,9-9-9
Elon,2-8-1
Estevan,2-3-5
Fitzhugh,3-3-6
Fount,9-4-4
Gray,1-5-6
Terrence,6-1-7
Bartley,6-5-2
Shedrick,5-9-5
Dixie,5-1-6
Ignacio,7-6-4
Merl,5-7-3
Nehemiah,2-7-9
Norwood,9-5-5
Raphael,7-9-7
Reno,2-5-7
Rudy,3-2-5
Rueben,4-7-2
Sylvan,1-2-3
Virgle,5-5-1
Charls,1-6-7
Cole,2-6-8
Elby,5-3-8
Ferman,6-6-3
Fern,5-2-7
Florian,7-5-3
Fuller,8-3-2
Gorden,2-7-9
Gussie,8-9-8
Ham,1-3-4
Hazel,6-1-7
Ignatius,4-6-1
Joaquin,1-5-6
Lacey,6-4-1
Laurie,9-3-3
Lilburn,3-4-7
Lovell,2-4-6
Lovett,2-2-4
Malvin,1-7-8
Manson,7-6-4
Pratt,1-2-3
Reid,5-4-9
Ruffin,3-8-2
Tomie,2-6-8
Vince,5-3-8
Wayland,2-6-8
Acey,6-1-7
Alger,6-1-7
Algernon,3-2-5
Amasa,3-5-8
Amil,1-7-8
Barrett,6-6-3
Britt,9-6-6
Burns,3-8-2
Calhoun,1-1-2
Christy,9-3-3
Cletus,8-9-8
Colbert,2-1-3
Courtland,1-8-9
Myles,5-6-2
Irl,9-3-3
Benson,2-4-6
Norval,7-3-1
Armond,7-4-2
Frazier,6-5-2
Thompson,3-9-3
Alfredo,3-4-7
Grady,1-9-1
Lorenz,2-7-9
Peyton,2-3-5
Seldon,2-4-6
Ethelbert,6-8-5
Eva,6-4-1
Gilman,1-1-2
Henri,5-4-9
Iver,5-4-9
Laura,5-3-8
Leonce,7-2-9
Mamie,6-8-5
Orion,3-5-8
Ottie,2-4-6
Rudolf,9-4-4
Selmer,1-8-9
Shepherd,1-1-2
Yancy,1-4-5
Abbie,6-4-1
Agnes,6-4-1
Arnie,6-5-2
Arvin,1-9-1
Blanche,6-3-9
Bliss,9-7-7
Cassie,6-5-2
Dewey,1-7-8
Diego,2-2-4
Dorr,6-4-1
Edmon,2-4-6
Estes,1-4-5
Gilford,6-2-8
Graves,6-3-9
Hillery,5-3-8
Laurel,9-6-6
Carlisle,6-1-7
Hughie,8-5-4
Orvel,2-7-9
Angel,6-6-3
Horton,3-6-9
Lena,6-8-5
Marie,6-4-1
Waymon,7-5-3
Arno,7-5-3
Burnie,8-7-6
Elgie,1-1-2
Fannie,6-7-4
Felton,2-7-9
Keith,5-3-8
Maxie,6-1-7
Nils,9-9-9
Sie,5-1-6
Sonny,6-9-6
Vere,1-4-5
Virgie,5-2-7
Benjman,6-8-5
Bernardo,3-2-5
Casey,6-2-8
Celestino,7-5-3
Cephus,8-1-9
Della,6-1-7
Hart,1-1-2
Hillary,1-3-4
Hilmer,5-6-2
Holland,7-5-3
Jacques,9-4-4
Johny,6-3-9
Jordon,3-1-4
Julien,8-9-8
Julio,9-4-4
Kay,1-9-1
Le,5-3-8
Leeroy,7-1-8
Liston,6-2-8
Lott,6-7-4
Doyle,2-5-7
Gerard,6-2-8
Alfonzo,4-4-8
Carlie,6-6-3
Branch,1-9-1
Bush,3-2-5
Elgin,5-6-2
Federico,7-4-2
Franz,1-1-2
Governor,8-7-6
Maury,4-2-6
Nancy,1-2-3
Salvatore,4-1-5
Werner,1-1-2
Edw,5-9-5
Ernesto,7-8-6
Fed,5-1-6
Foy,6-4-1
Galen,6-6-3
Genie,1-3-4
Hjalmar,2-7-9
Lawton,7-6-4
Levin,5-3-8
Lish,9-3-3
Pascal,2-5-7
Posey,2-6-8
Redmond,2-8-1
Rosendo,8-1-9
Talmadge,7-2-9
Winford,6-2-8
Abie,6-2-8
Alta,2-5-7
Alver,6-7-4
Anatole,4-1-5
Bobbie,2-6-8
Boone,8-7-6
Buell,8-8-7
Claiborne,3-4-7
Loyal,7-6-4
Eduardo,6-8-5
Maggie,6-9-6
Needham,2-3-5
Mansfield,6-5-2
Ras,1-1-2
Guilford,9-2-2
Sing,9-4-4
Xavier,6-1-7
Charlton,7-3-1
Eula,9-3-3
Mckinley,5-6-2
Polk,6-3-9
Shellie,1-6-7
Bentley,1-1-2
Claudius,7-2-9
Conard,7-3-1
Cornell,2-5-7
Ester,1-3-4
Esther,1-2-3
Mae,6-4-1
Mildred,5-6-2
Neely,1-6-7
Owens,2-2-4
Rance,6-8-5
Red,5-4-9
Robbie,2-4-6
Sigurd,3-3-6
Teddy,5-8-4
Val,1-7-8
Almus,4-8-3
Sheridan,6-9-6
Lorin,6-8-5
Carmine,6-3-9
Jonnie,2-2-4
Kent,5-9-5
Murl,3-7-1
Ricardo,7-7-5
Wilfrid,9-9-9
Adlai,2-7-9
Buddie,8-1-9
Burk,3-4-7
Dessie,1-6-7
Edison,2-1-3
Gifford,6-5-2
Goldie,2-5-7
Hurbert,8-3-2
Iverson,2-1-3
Job,6-3-9
Leamon,3-3-6
Olive,2-7-9
Powell,2-9-2
Rexford,2-7-9
Roma,7-4-2
Romie,2-4-6
Vick,9-9-9
Waldemar,7-7-5
Zebulon,5-9-5
Alferd,6-4-1
Algot,7-3-1
Alphons,7-6-4
Audley,9-5-5
Barnard,2-2-4
Berkley,1-5-6
Bethel,1-6-7
Caroline,3-2-5
Corbett,2-9-2
Ruth,3-1-4
Fidel,5-4-9
Guillermo,5-8-4
Murry,3-2-5
Reubin,8-7-6
Rocco,3-6-9
Samson,7-2-9
Westley,1-9-1
Alba,2-5-7
Irene,1-5-6
Murdock,9-4-4
Nolen,2-4-6
Royce,2-1-3
Ruel,8-3-2
Willaim,1-6-7
Beryl,5-3-8
Beulah,9-4-4
Burleigh,8-2-1
Carrol,7-6-4
Con,6-8-5
Dillon,6-6-3
Ebert,1-4-5
Encarnacion,4-3-7
Cedric,5-1-6
Estel,1-6-7
Mayo,7-4-2
Shelley,1-4-5
Thorwald,7-4-2
Durward,4-4-8
Luster,8-6-5
Arnett,6-9-6
Aubra,5-2-7
Avon,7-9-7
Bolden,2-5-7
Dannie,6-5-2
Elex,1-9-1
Ferris,5-7-3
Jeffie,1-4-5
Lexie,1-9-1
Link,9-1-1
Moises,2-6-8
Myer,5-2-7
Carlyle,6-7-4
Arvel,6-7-4
Erby,5-9-5
Floy,6-7-4
Hughey,8-3-2
Ovid,6-8-5
Alston,7-2-9
Audrey,9-2-2
Buddy,3-8-2
Clemmie,1-5-6
Clemon,2-6-8
Dorothy,3-3-6
Einar,6-5-2
Gurney,8-1-9
Hebert,1-3-4
Hezzie,1-6-7
Kurt,3-4-7
Lois,6-4-1
Lula,4-6-1
Mearl,6-7-4
Oddie,2-8-1
Ramsey,6-3-9
Vinton,6-7-4
Zed,5-3-8
Audy,4-2-6
Barnie,6-7-4
Donat,7-2-9
Emmons,2-5-7
Erich,5-2-7
Esley,1-2-3
Eston,2-8-1
Roosevelt,4-1-5
Hartley,6-2-8
Jennings,5-6-2
Hobert,2-3-5
Montie,2-2-4
Rae,6-9-6
Arvil,1-7-8
Casimer,6-8-5
Elwyn,5-2-7
Evander,2-4-6
Gaither,6-8-5
Grafton,7-2-9
Guthrie,8-8-7
Jettie,1-5-6
Lannie,6-4-1
Lea,6-3-9
Moe,2-4-6
Nestor,2-8-1
Ovila,7-7-5
Reynold,2-1-3
Reynolds,2-2-4
Susie,8-2-1
True,8-2-1
Alwin,1-4-5
Casimir,1-8-9
Vergil,5-5-1
Hazen,6-3-9
Sigmund,3-3-6
Saint,1-8-9
Silver,5-8-4
Eugenio,1-3-4
Lisle,5-7-3
Milburn,3-5-8
Carmen,6-3-9
Orris,6-1-7
Rayford,7-1-8
Raymon,7-9-7
Virgel,5-5-1
Aloys,7-4-2
Cam,1-7-8
Hale,6-2-8
Nile,5-8-4
Offie,2-3-5
Opal,7-1-8
Rosa,7-1-8
Wardell,6-6-3
Willy,9-9-9
Acy,1-1-2
Arthor,7-1-8
Boysie,2-1-3
Britton,6-2-8
Oris,6-1-7
Gladys,1-4-5
Georgia,3-5-8
Bryon,6-5-2
Elvie,1-7-8
Frankie,6-4-1
Mario,7-4-2
Pasquale,1-1-2
Rhoda,7-3-1
Rossie,2-2-4
Sherwood,8-9-8
Buel,8-5-4
Clearence,7-5-3
Dabney,6-9-6
Diamond,7-8-6
Dorris,6-5-2
Everet,6-6-3
Ezell,1-5-6
Hobson,3-7-1
Admiral,2-2-4
Shafter,6-8-5
Maceo,3-7-1
Schley,5-4-9
Ewart,6-7-4
Patsy,1-8-9
Arba,2-2-4
Orvil,6-7-4
Adams,2-9-2
Collier,2-9-2
Gayle,6-8-5
Gladstone,3-4-7
Hilario,7-2-9
Kathryn,1-6-7
Mickey,5-7-3
Odus,9-5-5
Vernal,6-3-9
Von,6-9-6
Haven,6-8-5
Williard,1-6-7
Stephan,6-5-2
Collis,6-1-7
Griffith,9-2-2
Jethro,2-2-4
Vic,9-7-7
Viola,7-7-5
Baker,6-4-1
Beatrice,2-7-9
Bynum,3-9-3
Colvin,6-6-3
Doris,6-5-2
Elizah,6-1-7
Eunice,4-8-3
Leighton,2-7-9
Linnie,5-4-9
Lizzie,5-1-6
Rosevelt,7-1-8
Farris,1-7-8
Lemmie,1-2-3
Estell,1-9-1
Goebel,7-3-1
Tallie,6-8-5
Arlo,7-3-1
Artis,1-3-4
Collin,6-5-2
Eddy,5-6-2
Hester,1-2-3
Lauren,9-8-8
Lupe,8-1-9
Ozie,2-8-1
Salvador,8-3-2
Santos,7-9-7
Schuyler,8-4-3
Arturo,1-2-3
Donovan,4-9-4
Kermit,5-8-4
Eino,2-5-7
Olan,7-8-6
Danny,1-3-4
Lola,7-6-4
Esco,2-4-6
Josef,2-8-1
Lance,6-2-8
Leona,3-8-2
Mathews,6-2-8
Ova,7-4-2
Pate,6-9-6
Regis,5-8-4
Rosario,4-1-5
Vito,6-6-3
Adron,7-9-7
Ancil,1-2-3
Arland,2-3-5
Buren,8-7-6
Erland,6-3-9
Johney,2-3-5
Clarnce,6-5-2
Garvin,1-7-8
Agustin,4-6-1
Nathen,6-2-8
Oneal,3-8-2
Verna,6-9-6
Victoriano,4-5-9
Doll,6-1-7
Georgie,7-5-3
Heyward,6-6-3
Ivor,6-4-1
Myrl,7-7-5
Beckham,6-1-7
Thedore,7-5-3
Thelma,6-8-5
Trinidad,1-6-7
Verl,5-7-3
Evelyn,1-1-2
Hershell,1-5-6
Marty,1-4-5
Roberto,8-4-3
Teddie,1-1-2
Terrell,1-8-9
Hilbert,5-6-2
Lenon,2-4-6
Lenord,2-3-5
Ozzie,2-7-9
Porfirio,3-4-7
Sammy,1-7-8
Rayfield,6-2-8
Waino,7-1-8
Clemence,6-9-6
Harm,1-3-4
Jamie,6-5-2
Vincenzo,2-7-9
Welton,2-6-8
Adrain,2-9-2
Arbie,6-2-8
Betty,5-4-9
Bobby,6-4-1
Desmond,2-9-2
Domenic,2-7-9
Duard,4-8-3
Raul,4-3-7
Severo,7-5-3
Tobie,2-4-6
Council,9-5-5
Domenick,2-9-2
Darrel,6-7-4
Graydon,7-7-5
Fredie,1-1-2
Eliot,2-5-7
Hoke,2-1-3
Pauline,9-6-6
Tyree,1-9-1
Arne,6-5-2
Bell,5-8-4
Carlo,7-6-4
Hansel,6-8-5
Jiles,5-5-1
Leonardo,9-3-3
Quentin,8-2-1
Toby,6-2-8
Verlin,5-3-8
Winthrop,6-9-6
Domenico,8-7-6
Harrold,7-6-4
Lucille,8-3-2
Ryan,1-3-4
Benard,6-2-8
Quinton,9-2-2
Rodolfo,9-4-4
Armando,8-4-3
Delmas,6-3-9
Denzil,5-2-7
Luciano,1-2-3
Lyndon,6-6-3
Vera,6-4-1
Taft,1-1-2
Delphin,5-9-5
Rodger,2-2-4
Woodrow,9-5-5
Burnice,8-1-9
Giovanni,7-3-1
Americo,3-7-1
Ardell,6-1-7
Delmus,8-3-2
Gilmer,5-5-1
Lucio,9-6-6
Mariano,8-9-8
Ogden,2-7-9
Oland,7-3-1
Prentiss,5-7-3
Samie,6-5-2
Hadley,6-4-1
Francesco,3-9-3
Toivo,3-6-9
Robley,2-3-5
Verle,1-7-8
Farrell,6-3-9
Nathanial,3-5-8
Reyes,1-8-9
Eleanor,8-8-7
Emmanuel,5-7-3
Esker,1-3-4
Florentino,8-3-2
Gaetano,4-5-9
Levie,1-7-8
Guido,9-2-2
Aurelio,6-3-9
Curtiss,3-7-1
Othel,2-4-6
Santo,7-8-6
Harrell,6-5-2
Lenwood,8-8-7
Leopoldo,5-8-4
Dante,6-2-8
Ann,1-1-2
Halley,6-3-9
Reino,2-5-7
Carmelo,3-1-4
Wyman,1-3-4
Silvio,6-8-5
Colie,2-6-8
Alfonse,3-6-9
Aldo,7-7-5
Amerigo,3-2-5
Enrico,2-8-1
Gasper,6-6-3
Attilio,7-7-5
Woodroe,5-9-5
Nunzio,9-9-9
Burnell,8-4-3
Erling,5-6-2
Gilberto,2-5-7
Glendon,2-6-8
Larue,9-3-3
Masao,8-5-4
Nevin,5-5-1
Armin,1-9-1
Tyrus,3-1-4
Kendall,6-8-5
Garold,7-5-3
Gennaro,3-8-2
Cosmo,3-8-2
Luigi,3-1-4
Hymen,5-6-2
Donato,4-2-6
Melbourne,1-5-6
Merwin,5-5-1
Winton,6-8-5
Gino,6-3-9
Glenwood,8-6-5
Geno,2-3-5
Glynn,7-2-9
Nello,2-2-4
Durwood,6-4-1
Gilmore,2-5-7
Saverio,3-5-8
Garth,1-8-9
Hiroshi,6-8-5
Arlin,1-8-9
Yoshio,3-7-1
Arvo,7-4-2
Deward,6-4-1
Hughes,8-6-5
Tatsuo,1-5-6
Jerald,6-8-5
Zigmund,3-1-4
Gerhardt,6-3-9
Lynwood,3-6-9
Berlin,5-1-6
Merlyn,5-1-6
Pershing,5-1-6
Hideo,2-3-5
Normand,7-9-7
Orvin,6-9-6
Joyce,2-2-4
Minoru,9-9-9
Foch,6-8-5
Bryce,5-3-8
Carmel,6-1-7
Marco,7-7-5
Winifred,5-2-7
Edsel,1-8-9
Quinten,8-2-1
Kiyoshi,6-9-6
Therman,6-1-7
Kazuo,1-1-2
Metro,2-6-8
Laddie,6-2-8
Harding,1-6-7
Kennith,5-4-9
Eloy,2-1-3
Daryl,1-5-6
Rayburn,4-5-9
Jon,6-6-3
Dewayne,2-3-5
Marcos,7-8-6
Kevin,5-2-7
Harden,6-8-5
Delton,2-5-7
Reynaldo,3-1-4
Donal,7-3-1
Toshio,3-2-5
Dwayne,6-3-9
Zane,6-4-1
Luverne,4-3-7
Jackie,6-6-3
Ramiro,7-4-2
Harlen,6-7-4
Deane,2-9-2
Dwain,1-5-6
Boris,6-3-9
Dorman,7-4-2
Coolidge,8-8-7
Refugio,5-4-9
Darold,7-2-9
Donn,6-5-2
Faustino,1-5-6
Brian,1-7-8
Melvyn,5-5-1
Esteban,2-1-3
Freddy,5-3-8
Virginia,1-7-8
Marlyn,1-1-2
Ken,5-7-3
Dwaine,6-5-2
Gearld,6-5-2
Valentino,3-1-4
Lindy,9-1-1
Lindbergh,5-2-7
Shoji,6-1-7
Denny,5-3-8
Gonzalo,4-5-9
Jorge,2-8-1
Jerrold,2-8-1
Akira,2-2-4
Maria,2-4-6
Hoover,8-3-2
Jerold,2-8-1
Arlen,6-8-5
Ronnie,2-1-3
Marcelino,3-6-9
Verlyn,5-1-6
Ismael,6-8-5
Fidencio,2-9-2
Dolores,8-8-7
Adan,2-9-2
Davey,6-6-3
Derald,6-2-8
Barbara,3-4-7
Humberto,5-7-3
Joan,7-6-4
Sherwin,5-1-6
Lavon,7-3-1
Duwayne,9-3-3
Genaro,3-3-6
Kenny,5-1-6
Rogelio,8-1-9
Rolf,6-9-6
Arnulfo,1-5-6
Gerry,5-5-1
Derl,5-7-3
Gerold,2-5-7
Arlan,2-8-1
Patricia,2-3-5
Dino,6-9-6
Wally,1-9-1
Mervyn,5-2-7
Allyn,1-9-1
Monty,6-9-6
Dickie,5-9-5
Jan,1-6-7
Arlis,1-4-5
Kaye,6-9-6
Kenton,2-5-7
Sherrill,5-6-2
Darl,1-7-8
Raymundo,1-2-3
Delano,3-3-6
Terrance,2-1-3
Ronny,6-8-5
Chuck,3-7-1
Orlin,6-8-5
Gloria,7-1-8
Darryl,1-5-6
Marc,1-7-8
Sal,1-4-5
Stan,1-8-9
Cordell,2-4-6
Darvin,1-4-5
Derrell,1-1-2
Jame,6-5-2
Jacky,1-4-5
Lanny,1-2-3
Ron,6-5-2
Marland,2-7-9
Arlyn,1-6-7
Jerrell,1-7-8
Jeffrey,1-2-3
Valentin,6-1-7
Kerry,5-9-5
Ferrell,1-3-4
Gaylon,7-6-4
Jerrel,1-4-5
Darwyn,1-3-4
Dwane,6-5-2
Randy,1-7-8
Ian,1-5-6
Delwin,5-8-4
Gustavo,1-5-6
Verlon,2-3-5
Vernell,1-6-7
Delma,6-2-8
Windell,5-2-7
Kim,9-6-6
Errol,2-3-5
Reggie,1-5-6
Geoffrey,7-8-6
Mel,5-7-3
Sergio,2-8-1
Del,5-7-3
Donnell,2-2-4
Tyrone,2-5-7
Sharon,7-5-3
Donny,6-3-9
Doug,9-2-2
Marilyn,1-1-2
Carolyn,7-2-9
Delvin,5-7-3
Janet,6-8-5
Levon,2-3-5
Ozell,2-5-7
Gaylen,6-4-1
Lamont,7-5-3
Tex,5-8-4
Lonny,6-2-8
Autry,4-9-4
Rondal,7-3-1
Randal,2-3-5
Dion,6-9-6
Greg,5-5-1
Sandra,2-1-3
Judith,3-6-9
Scotty,6-6-3
Ronal,7-8-6
Jeffery,1-2-3
Randell,6-6-3
Joey,2-8-1
Nicky,9-8-8
Leonel,7-2-9
Harlon,7-7-5
Lawrance,7-7-5
Linda,1-3-4
Barrie,6-2-8
Darnell,6-6-3
Isidro,6-5-2
Wilkie,5-1-6
Rick,9-5-5
Ricky,9-3-3
Donna,7-5-3
Janice,6-9-6
Javier,6-5-2
Wendel,1-8-9
Erik,5-2-7
Lindell,5-9-5
Judy,3-3-6
Jeffry,5-2-7
Karen,6-7-4
Brendan,6-7-4
Darell,6-1-7
Mcarthur,4-8-3
Macarthur,5-8-4
Rickey,5-3-8
Rod,6-4-1
Niles,5-9-5
Jeremy,1-3-4
Susan,4-7-2
Walt,1-1-2
Lary,1-1-2
Jaime,6-5-2
Noe,2-5-7
Rocky,6-3-9
Derek,1-6-7
Les,5-4-9
Terrill,5-8-4
Russ,3-2-5
Timmy,9-8-8
Butch,3-6-9
Sean,6-6-3
Linden,5-8-4
Roddy,6-6-3
Rickie,5-5-1
Lenny,5-2-7
Rusty,3-1-4
Dane,6-9-6
Geary,6-5-2
Eusebio,1-3-4
Garey,6-5-2
Lucky,3-6-9
Gerardo,3-2-5
Gil,9-1-1
Richie,5-2-7
Carnell,6-5-2
Chad,1-6-7
Hank,1-6-7
Dorian,7-9-7
Rolando,4-3-7
Kip,9-9-9
Mikel,5-9-5
Jonathon,4-3-7
Stevan,6-3-9
Kris,9-3-3
Jody,6-3-9
Lyn,7-8-6
Zachary,2-8-1
Brett,5-6-2
Patric,1-3-4
Rory,6-7-4
Rand,1-9-1
Robby,6-2-8
Cornel,2-2-4
Shawn,1-1-2
Skip,9-1-1
Randel,6-3-9
Jed,5-5-1
Dirk,9-6-6
Brock,6-7-4
Deryl,5-5-1
Stevie,1-7-8
Derrick,5-9-5
Jerel,1-4-5
Cesar,6-4-1
Baron,7-7-5
Kathleen,2-2-4
Stefan,6-5-2
Donell,2-6-8
Corey,2-1-3
Kelvin,5-5-1
Ezzard,6-2-8
Tod,6-6-3
Shaun,4-5-9
Brant,1-9-1
Scot,6-6-3
Efrain,6-2-8
Stacey,6-4-1
Brandon,7-7-5
Marlon,7-3-1
Jory,6-8-5
Layne,6-6-3
Danniel,6-8-5
Michial,1-9-1
Ritchie,5-4-9
Edwardo,3-4-7
Kimberly,5-9-5
Ricki,9-5-5
Kurtis,3-5-8
Cory,6-1-7
Deborah,3-5-8
Scottie,2-8-1
Erasmo,3-5-8
Rudolfo,6-4-1
Lex,5-9-5
Rodrick,6-9-6
Daryle,6-5-2
Greggory,2-1-3
Darren,6-9-6
Mikeal,6-9-6
Trent,5-9-5
Michal,1-9-1
Theodis,2-6-8
Damian,2-4-6
Kimball,1-5-6
Michale,6-9-6
Wilfredo,2-9-2
Shane,6-5-2
Robbin,6-9-6
Kraig,1-9-1
Kirt,9-4-4
Chip,9-9-9
Randolf,7-9-7
Bret,5-4-9
Antony,7-3-1
Bradly,1-7-8
Faron,7-2-9
Blaise,6-6-3
Alvaro,8-7-6
Ricci,9-6-6
Dusty,3-5-8
Debra,6-6-3
Rock,6-5-2
Keven,1-2-3
Gavin,1-7-8
Kevan,6-2-8
Blane,6-1-7
Demetrius,4-2-6
Rahn,1-4-5
Barron,7-7-5
Heriberto,7-3-1
Jude,8-5-4
Levern,1-3-4
Darcy,1-5-6
Micky,9-7-7
Kennard,6-7-4
Davy,1-6-7
Tad,1-6-7
Rhett,5-3-8
Ty,7-2-9
Mitch,9-8-8
Jefferey,6-2-8
Dann,1-5-6
Timmothy,6-9-6
Broderick,2-2-4
Derwin,5-5-1
Chet,5-4-9
Quintin,3-2-5
Timmie,5-1-6
Tab,1-4-5
Tracey,6-3-9
Jace,6-4-1
Kem,5-6-2
Brion,6-7-4
Andrea,7-9-7
Cynthia,1-7-8
Kennth,5-4-9
Renaldo,3-3-6
Desi,5-5-1
Renard,6-9-6
Trevor,2-6-8
Kenney,1-1-2
Brien,5-7-3
Cheyenne,6-1-7
Derick,5-9-5
Robb,6-4-1
Devin,5-4-9
Kerwin,5-3-8
Grayling,1-2-3
Quinn,3-9-3
Wayde,6-7-4
Maverick,6-4-1
Tobin,6-9-6
Kristopher,2-2-4
Keenan,2-3-5
Diane,6-9-6
Cheryl,5-3-8
Reinaldo,3-3-6
Jamey,6-3-9
Darrin,1-9-1
Flint,9-7-7
Darin,1-9-1
Daren,6-9-6
Efrem,1-1-2
Kieth,5-3-8
Micah,1-6-7
Andra,2-9-2
Chaim,1-6-7
Raynard,2-7-9
Leif,5-9-5
Kennedy,1-5-6
Lisa,1-4-5
Darrick,1-9-1
Darry,1-2-3
Roel,2-3-5
Darron,7-9-7
Darryle,6-5-2
Stephon,2-5-7
Darryll,1-8-9
Brenda,6-2-8
Devon,2-4-6
Arnoldo,4-3-7
Kory,6-9-6
Regan,6-3-9
Brook,3-4-7
Shayne,6-3-9
Lorne,2-8-1
Parrish,1-7-8
Drake,6-6-3
Norberto,8-9-8
Kalvin,1-5-6
Pernell,1-9-1
Markus,4-7-2
Thor,6-1-7
Osvaldo,4-3-7
Anibal,2-1-3
Daron,7-9-7
Deon,2-9-2
Edgardo,3-6-9
Geoff,2-1-3
Tammy,1-8-9
Jayson,7-7-5
Rodrigo,3-2-5
Tyron,6-5-2
Dwyane,6-3-9
Stoney,2-6-8
Tal,1-5-6
Jaimie,6-5-2
Trenton,2-5-7
Andreas,7-1-8
Vinson,6-6-3
Pamela,7-5-3
Erin,5-5-1
Mauricio,1-7-8
Rigoberto,8-2-1
Roderic,2-7-9
Destry,5-5-1
Deron,2-9-2
Fitzgerald,6-3-9
Quint,3-6-9
Kipp,9-7-7
Trey,5-9-5
Kendrick,5-7-3
Deric,5-7-3
Terance,2-1-3
Antonia,8-3-2
Shon,6-5-2
Daryn,1-7-8
Darien,6-9-6
Darryn,1-7-8
Trace,6-5-2
Darian,2-9-2
Dario,7-4-2
Chadwick,1-7-8
Brain,1-7-8
Reginal,6-6-3
Heath,6-9-6
Jarrod,7-5-3
Michelle,1-3-4
Illya,1-4-5
Brenton,2-5-7
Michele,1-9-1
Dylan,1-1-2
Efren,1-2-3
Arron,7-5-3
Tyson,6-6-3
Cedrick,5-3-8
Dereck,1-9-1
Brennan,6-8-5
Jerrod,2-5-7
Garrick,1-3-4
Jennifer,1-8-9
Angela,7-6-4
Claudio,1-1-2
Derik,5-6-2
Octavio,4-9-4
Alfie,6-9-6
Brendon,2-7-9
Kristian,1-1-2
Shad,1-4-5
Ariel,6-3-9
Liam,1-7-8
Tina,1-7-8
Beau,9-2-2
Giuseppe,4-4-8
Franco,7-5-3
Dustin,3-3-6
Jamal,2-8-1
Damien,6-4-1
Waylon,7-4-2
Colby,6-6-3
Damion,7-4-2
Brenden,1-7-8
Korey,2-9-2
Tye,5-9-5
Rico,6-3-9
Darby,1-4-5
Melissa,6-9-6
Anthoney,3-9-3
Jade,6-5-2
Lamonte,3-5-8
Shan,1-5-6
Johnathon,4-2-6
Tory,6-9-6
Trever,1-6-7
Lazaro,8-2-1
Jemal,6-8-5
Jamison,7-2-9
Aric,1-3-4
Ari,1-9-1
Donavan,8-9-8
Torrey,2-9-2
Torrance,3-1-4
Shanon,7-1-8
Chandler,6-5-2
Ali,1-3-4
Corwin,6-4-1
Amy,1-2-3
Jameson,3-2-5
Demetrios,7-2-9
Jasen,6-7-4
Davin,1-4-5
Cale,6-6-3
Jermaine,2-1-3
Malik,1-9-1
Jeromy,2-3-5
Jammie,6-9-6
Che,5-2-7
Bronson,3-4-7
Dax,1-1-2
Brandt,1-4-5
Kenyatta,7-2-9
Antione,3-3-6
Laron,7-8-6
Antwan,2-8-1
Branden,6-7-4
Dedric,5-2-7
Jayme,6-3-9
Kelsey,1-4-5
Torrence,7-1-8
Shea,6-9-6
Kenyon,2-1-3
Kristin,9-1-1
Shay,1-7-8
Corbin,6-1-7
Cristopher,2-3-5
Jeramy,6-3-9
Braden,6-2-8
Kenya,6-5-2
Dedrick,5-4-9
Tate,6-4-1
Germaine,2-7-9
Nigel,5-6-2
Jerod,2-5-7
Christoper,2-3-5
Chadd,1-1-2
Jarod,7-5-3
Tristan,1-1-2
Brannon,7-8-6
Jeremey,6-3-9
Deandre,2-4-6
Kiley,5-3-8
Donavon,4-9-4
Sedrick,5-1-6
Hassan,2-6-8
Jamel,6-8-5
Jeramie,2-5-7
Marcelo,3-1-4
Coby,6-3-9
Deshawn,6-5-2
Toriano,4-7-2
Kwame,6-2-8
Kasey,6-1-7
Demian,6-4-1
Kristofer,2-2-4
Paulo,1-1-2
Donte,2-2-4
Jarred,6-5-2
Demond,2-8-1
Kareem,2-6-8
Vidal,1-2-3
Zachariah,3-9-3
Jamar,2-5-7
Abdul,4-9-4
Jermain,6-1-7
Tremayne,2-9-2
Jeremie,6-5-2
Marlo,7-7-5
Lashawn,2-4-6
Brandy,1-9-1
Josue,5-2-7
Jabbar,2-5-7
Kristoffer,2-8-1
Diallo,7-1-8
Tito,6-4-1
Damond,7-8-6
Nicole,2-2-4
Dameon,3-4-7
Rahsaan,3-5-8
Nathanael,8-5-4
Abelardo,4-9-4
Cade,6-7-4
Vashon,7-9-7
Taurus,7-3-1
Chadrick,1-2-3
Tarik,1-4-5
Marcello,3-4-7
Dominique,5-3-8
Donta,7-2-9
Moshe,2-4-6
Zachery,6-8-5
Jevon,2-1-3
Stephanie,2-5-7
Nakia,2-7-9
Telly,5-6-2
Ahmad,2-7-9
Jamil,1-8-9
Toma,7-6-4
Trinity,9-7-7
Jereme,6-5-2
Dejuan,9-1-1
Jabari,2-3-5
Ahmed,6-7-4
Heather,2-9-2
Demarcus,9-3-3
Antwon,7-8-6
Jered,1-5-6
Rashad,2-4-6
Kristen,5-1-6
Mauro,1-4-5
Benji,5-8-4
Tavares,7-7-5
Marques,9-4-4
Rasheed,2-4-6
Jerad,6-5-2
Corry,6-1-7
Cristobal,7-2-9
Deangelo,8-1-9
Karim,1-6-7
Sharif,1-6-7
Demarco,3-2-5
Kareen,2-7-9
Rebecca,2-8-1
Raheem,2-3-5
Jamaal,3-8-2
Jovan,7-1-8
Seneca,2-9-2
Jermey,1-3-4
Torey,2-9-2
Hakim,1-5-6
Cortney,2-8-1
Jamin,1-1-2
Javon,7-1-8
Zackary,2-2-4
Ezequiel,9-1-1
Jerimy,5-3-8
Muhammad,5-6-2
Jameel,2-8-1
Brody,6-4-1
Jaron,7-6-4
Dimitrios,6-2-8
Taj,1-3-4
Tanner,6-3-9
Torry,6-9-6
Amir,1-4-5
Levar,6-7-4
Lavar,2-7-9
Kunta,4-9-4
Jedediah,2-8-1
Jerimiah,6-4-1
Kinte,5-9-5
Rashawn,2-1-3
Jeramiah,7-4-2
Jessica,6-6-3
Jedidiah,6-8-5
Amin,1-9-1
Rian,1-5-6
Conor,3-8-2
Lydell,5-2-7
Davon,7-4-2
Kaleb,6-7-4
Samir,1-5-6
Zackery,6-2-8
Khalid,1-8-9
Bo,6-2-8
Cristian,1-2-3
Demetric,1-4-5
Horacio,4-2-6
Anwar,2-1-3
Nicholaus,1-2-3
Kenji,5-8-4
Nikolas,7-2-9
Demario,3-8-2
Johnpaul,1-6-7
Nicklaus,4-5-9
Jarret,6-3-9
Kody,6-4-1
Antwain,2-8-1
Dequan,9-8-8
Lukas,4-6-1
Christina,1-1-2
Deshaun,9-9-9
Juston,9-9-9
Hasan,2-5-7
Jeb,5-3-8
Amanda,3-4-7
Andrae,7-9-7
Kendell,1-8-9
Tucker,8-7-6
Keon,2-7-9
Garett,6-2-8
Amit,1-6-7
Omari,7-4-2
Tyrell,5-6-2
Mohammad,8-6-5
Bryson,6-6-3
Tyrel,5-3-8
Tremaine,2-2-4
Jarrad,2-5-7
Rustin,3-8-2
Kai,1-2-3
Justen,8-9-8
Keegan,2-5-7
Chaz,1-1-2
Yoel,2-1-3
Jarad,2-5-7
Jessy,5-1-6
Bjorn,6-8-5
Brandan,2-7-9
Dustan,4-3-7
Isaias,2-2-4
Kellen,1-4-5
Skyler,5-4-9
Marchello,3-3-6
Mohammed,3-6-9
Johathan,8-6-5
Adalberto,4-2-6
Connor,3-4-7
Dontae,3-2-5
Taurean,1-7-8
Skylar,1-4-5
Mohamed,3-2-5
Colt,6-8-5
Kiel,5-5-1
Colton,3-4-7
Eliezer,6-2-8
Darrius,4-5-9
Tuan,4-7-2
Hung,3-2-5
Long,6-6-3
Lamarcus,5-2-7
Justine,8-9-8
Huy,3-6-9
Akeem,2-6-8
Cassidy,1-7-8
Devan,6-4-1
Martell,6-3-9
Remington,2-5-7
Jacoby,7-6-4
Jakob,7-5-3
Trumaine,9-2-2
Marquise,9-4-4
Deven,1-4-5
Crystal,1-7-8
Ryne,5-3-8
Coty,6-3-9
Grayson,7-4-2
Jerrad,6-5-2
Jarrell,6-7-4
Baby,1-2-3
Brandin,1-7-8
Alonso,4-9-4
Danielle,2-6-8
Tavon,7-2-9
Travon,7-2-9
Deonte,7-2-9
Rachel,6-5-2
Kameron,3-2-5
Tavaris,2-7-9
Tylor,6-3-9
Jairo,7-1-8
Durell,8-1-9
Durrell,8-1-9
Channing,1-6-7
Jaymes,6-4-1
Dakota,8-8-7
Keaton,3-9-3
Ulises,8-5-4
Brandyn,1-5-6
Mackenzie,2-4-6
Maximilian,2-4-6
Uriel,8-3-2
Terell,1-8-9
Kale,6-5-2
Dandre,6-4-1
Kolby,6-5-2
Joshuah,1-9-1
Martez,6-5-2
Rayshawn,2-8-1
Dangelo,3-1-4
Derrek,1-6-7
Cordero,8-7-6
Jayce,6-2-8
Yaakov,8-4-3
Kyler,5-3-8
Alexandro,4-9-4
Zechariah,7-9-7
Giancarlo,8-9-8
Garrison,7-4-2
Spenser,1-5-6
Austen,9-8-8
Payton,7-5-3
Kalen,6-1-7
Kane,6-7-4
Mychal,1-7-8
Conner,2-4-6
Cordaro,4-7-2
Dashawn,2-5-7
Holden,2-2-4
Octavius,1-1-2
Rashaad,3-4-7
Montrell,2-8-1
Jaren,6-6-3
Joseluis,5-6-2
Trevin,5-2-7
Brennen,1-8-9
Kegan,6-5-2
Camron,7-3-1
Colten,2-4-6
Codey,2-5-7
Arsenio,3-6-9
Jaquan,5-5-1
Geraldo,3-5-8
Kelby,5-5-1
Jamarcus,5-9-5
Marquez,9-2-2
Dominque,5-3-8
Brittany,1-9-1
Ridge,5-2-7
Mikhail,1-8-9
Brantley,6-1-7
Nico,6-8-5
Kade,6-6-3
Alexandre,3-9-3
Christop,6-3-9
Infant,1-9-1
Alexande,3-9-3
Hakeem,2-5-7
Kadeem,2-1-3
Gage,6-5-2
Khiry,9-8-8
Jasmine,6-2-8
Daquan,5-8-4
Niko,6-7-4
Rakeem,2-6-8
Nikko,6-9-6
Dionte,2-2-4
Samantha,3-2-5
Darion,7-9-7
Kendal,6-5-2
Kiara,2-2-4
Tiffany,1-8-9
Khalil,1-7-8
Najee,2-6-8
Ladarius,5-8-4
Stetson,2-2-4
Yosef,2-5-7
Trevon,2-2-4
Dimitri,9-1-1
Tevin,5-2-7
Denzel,1-2-3
Male,6-7-4
Laquan,5-7-3
Kiefer,1-8-9
Jorden,2-1-3
Ibrahim,1-5-6
Mykel,5-7-3
Kevon,2-2-4
Zakary,2-8-1
Aidan,2-9-2
Talon,7-1-8
Codie,2-7-9
Hernan,6-9-6
Camden,6-7-4
Deontae,8-2-1
Keenen,6-3-9
Misael,6-8-5
Devonte,7-6-4
Sage,6-8-5
Dillan,1-6-7
Gunnar,4-8-3
Shaquille,9-5-5
Dillion,6-6-3
Dylon,6-1-7
Storm,6-7-4
Domonique,2-3-5
Codi,6-7-4
Jaleel,2-7-9
Davion,7-4-2
Brayden,6-9-6
Denzell,1-5-6
Devante,2-6-8
Dijon,6-1-7
Keifer,1-8-9
Tariq,1-1-2
Babyboy,7-2-9
Sawyer,6-4-1
Desean,2-1-3
Deonta,3-2-5
Kolton,3-3-6
Justyn,3-7-1
Unnamed,9-9-9
Dejon,2-1-3
Bilal,1-8-9
Deante,2-2-4
Jalen,6-9-6
Tre,5-2-7
Davonte,3-6-9
Devonta,3-6-9
Javonte,3-3-6
Devontae,8-6-5
Deion,2-9-2
Demetri,1-1-2
Davante,7-6-4
Dyllan,1-4-5
Trae,6-2-8
Dondre,2-4-6
Tayler,6-3-9
Caden,6-3-9
Dakotah,8-7-6
Montel,2-5-7
Davonta,8-6-5
Dalvin,1-7-8
Tyshawn,1-1-2
Maximillian,2-7-9
Juwan,4-2-6
Tyquan,4-4-8
Kieran,6-7-4
Colter,2-8-1
Jaylen,6-7-4
Devyn,5-2-7
Savon,7-1-8
Deondre,7-4-2
Darrian,2-9-2
Dallin,1-6-7
Jordy,6-3-9
Mikal,1-9-1
Adonis,7-1-8
Kelton,2-3-5
Shaquan,5-4-9
Devaughn,9-1-1
Darrien,6-9-6
Austyn,4-6-1
Kaden,6-2-8
Darrion,7-9-7
Fredy,5-8-4
Montana,8-7-6
Kole,2-5-7
Syed,5-3-8
Demonte,7-6-4
Dakoda,8-1-9
Jaden,6-1-7
Keanu,9-7-7
Jaylon,7-9-7
Daulton,1-5-6
Shyheim,5-1-6
Markell,6-3-9
Menachem,2-6-8
Markel,6-9-6
Jayden,6-8-5
Khari,1-1-2
Trayvon,7-2-9
Gunner,8-8-7
Auston,1-8-9
Cain,1-8-9
Jaylin,1-7-8
River,5-4-9
Alek,6-5-2
Destin,5-3-8
Tyrin,9-5-5
Ryder,5-2-7
Armani,2-9-2
Kahlil,1-7-8
Bryton,6-7-4
Jonatan,8-4-3
Tristen,5-1-6
Triston,6-1-7
Raekwon,3-3-6
Tristin,9-1-1
Anfernee,7-7-5
Draven,6-4-1
Romello,8-1-9
Stone,2-8-1
Tristian,1-1-2
Easton,3-8-2
Treyvon,2-9-2
Aiden,6-9-6
Rashaan,3-5-8
Rohan,7-4-2
Killian,1-4-5
Phoenix,2-8-1
Greyson,2-2-4
Latrell,6-2-8
Brennon,2-8-1
Seamus,9-6-6
Isai,1-1-2
Branson,7-4-2
Damarcus,5-3-8
Mateo,3-6-9
Keshawn,6-3-9
Keyshawn,6-1-7
Trystan,1-8-9
Braeden,2-2-4
Brayan,2-5-7
Shamar,2-4-6
Keion,2-7-9
Raquan,5-4-9
Jair,1-1-2
Braydon,7-2-9
Shemar,6-4-1
Reilly,5-4-9
Reagan,7-3-1
Jaylan,2-7-9
Nasir,1-6-7
Abdullah,5-2-7
Dominik,6-6-3
Keagan,7-5-3
Kordell,2-3-5
Kobe,2-4-6
Gianni,1-8-9
Jaret,6-3-9
Koby,6-2-8
Nash,1-5-6
Rylan,1-6-7
Jaxon,7-3-1
Giovanny,7-1-8
Ronaldo,4-3-7
Coleton,8-4-3
Amari,2-4-6
Jarett,6-5-2
Keyon,2-5-7
Paxton,7-2-9
Landen,6-8-5
Raven,6-9-6
Jamari,2-5-7
Jovani,7-1-8
Jovanny,7-6-4
Keandre,2-2-4
Kenan,6-3-9
Jajuan,5-7-3
Ryley,5-8-4
Nikhil,9-9-9
Tyrese,1-1-2
Tyrek,5-2-7
Zion,6-4-1
Declan,6-6-3
Savion,7-1-8
Kamron,7-2-9
Jadon,7-1-8
Tyrique,8-8-7
Tahj,1-2-3
Tyriq,9-8-8
Tyreek,1-2-3
Izaiah,2-7-9
Tavian,2-2-4
Jacquez,9-2-2
Alessandro,4-5-9
Kyree,1-9-1
Tyrik,9-2-2
Jordi,6-5-2
Jalon,7-9-7
Mekhi,5-5-1
Jelani,6-9-6
Matteo,3-8-2
Johan,7-5-3
Hamza,2-2-4
Brycen,5-8-4
Jovany,7-1-8
Miguelangel,5-2-7
Jensen,1-3-4
Rahul,4-2-6
Christion,6-1-7
Judah,4-4-8
Konnor,3-3-6
Kylan,1-8-9
Jaiden,6-1-7
Tyreke,1-2-3
Cayden,6-1-7
Jett,5-5-1
Zaire,6-8-5
Jaydon,7-1-8
Korbin,6-9-6
Tyreese,6-1-7
Braedon,3-2-5
Jaxson,7-4-2
Xander,6-6-3
Camren,6-3-9
Semaj,6-6-3
Ean,6-5-2
Gaven,6-7-4
Karson,7-8-6
Trevion,2-2-4
Ayden,6-7-4
Rey,5-7-3
Tavion,7-2-9
Braiden,6-2-8
Kadin,1-2-3
Arman,2-9-2
Aditya,2-4-6
Rowan,7-1-8
Bridger,5-4-9
Kayden,6-9-6
Elian,6-8-5
Luca,4-6-1
Finn,9-7-7
Kaiden,6-2-8
Sincere,1-9-1
Maximus,4-6-1
Xzavier,6-9-6
Blaze,6-4-1
Gaige,6-5-2
London,3-8-2
Keshaun,9-7-7
Sabastian,3-2-5
Kavon,7-2-9
Kian,1-7-8
Brodie,2-6-8
Jaeden,2-1-3
Javion,7-1-8
Jamir,1-5-6
Maxim,1-5-6
Alexzander,3-8-2
Kamren,6-2-8
Zander,6-8-5
Dayne,6-7-4
Isaak,2-3-5
Jaheim,6-4-1
Jagger,6-6-3
Oswaldo,4-4-8
Ronan,7-1-8
Haden,6-8-5
Jadyn,1-8-9
Immanuel,9-7-7
Alijah,2-3-5
Jakobe,3-5-8
Imanol,7-3-1
Jordyn,6-8-5
Zain,1-4-5
Yusuf,6-5-2
Gavyn,1-5-6
Pranav,2-7-9
Yehuda,9-1-1
Daunte,9-2-2
Caiden,6-3-9
Arjun,4-6-1
Jahiem,6-4-1
Zavier,6-3-9
Mustafa,5-4-9
Rylee,1-1-2
Giovani,7-7-5
Jovanni,7-6-4
Omarion,4-9-4
Yahir,1-6-7
Amarion,8-9-8
Gael,6-1-7
Cael,6-6-3
Treyton,2-7-9
Aryan,2-3-5
Jaheem,2-4-6
Malakai,3-9-3
Javen,6-1-7
Lisandro,7-4-2
Santino,7-4-2
Adriel,6-7-4
Ethen,1-6-7
Luc,3-6-9
Maximo,7-5-3
Cason,7-9-7
Gannon,7-4-2
Jaquez,9-8-8
Bradyn,1-9-1
Jase,6-2-8
Zayne,6-2-8
Osbaldo,4-1-5
Maddox,7-9-7
Jamarion,8-1-9
Yair,1-7-8
Aydan,2-7-9
Konner,2-3-5
Damarion,8-4-3
Jahir,1-9-1
Enzo,2-4-6
Cannon,7-9-7
Kamari,2-6-8
Kaeden,2-2-4
Ryker,5-9-5
Soren,2-6-8
Mordechai,3-1-4
Cristofer,2-3-5
Ryland,1-1-2
Zaid,1-3-4
Arnav,2-9-2
Canyon,7-4-2
Kanye,6-5-2
Kyan,1-5-6
Cohen,2-7-9
Braylon,7-1-8
Davian,2-4-6
Jaidyn,1-8-9
Demarion,3-4-7
Landyn,1-6-7
Luka,4-5-9
Braulio,1-5-6
Andon,7-5-3
Aydin,1-7-8
Matias,2-7-9
Jaydin,1-8-9
Deacon,3-3-6
Teagan,7-5-3
Kamden,6-6-3
Malaki,2-9-2
Koda,7-6-4
Rhys,7-9-7
Haiden,6-8-5
Tayshaun,5-5-1
Jayvon,7-1-8
Trenten,1-5-6
Rishi,9-9-9
Kason,7-8-6
Talan,2-1-3
Amare,7-4-2
Makai,2-6-8
Braylen,6-8-5
Kadyn,1-9-1
Leandro,3-3-6
Aedan,7-9-7
Finnegan,6-1-7
Karter,6-4-1
Damari,2-8-1
Messiah,6-5-2
Makhi,1-5-6
Camryn,1-1-2
Gauge,9-5-5
Jax,1-7-8
Adin,1-9-1
Krish,9-2-2
Yandel,6-1-7
Beckett,1-2-3
Kael,6-5-2
Bode,2-6-8
Koen,2-7-9
Zayden,6-6-3
Santana,3-4-7
Landin,1-8-9
Talen,6-1-7
Kasen,6-8-5
Aidyn,1-7-8
Jasiah,2-1-3
Memphis,5-6-2
Kingston,6-4-1
Landan,2-8-1
Case,6-4-1
Coen,2-8-1
Izayah,2-5-7
Anders,6-1-7
Brogan,7-5-3
Madden,6-8-5
Slade,6-8-5
Kellan,6-4-1
Jaydan,2-8-1
Nery,5-3-8
Rayan,2-3-5
Dereon,7-9-7
Yael,6-1-7
Raiden,6-9-6
Nikolai,7-1-8
Yurem,8-2-1
Lyric,9-4-4
Kelan,6-1-7
Tegan,6-5-2
Kamryn,1-9-1
Jayvion,7-8-6
Ronin,6-1-7
Daxton,7-8-6
Aaden,7-9-7
Chace,6-5-2
Marley,6-5-2
Kash,1-2-3
Kymani,1-9-1
Ishaan,2-5-7
Jadiel,6-8-5
Urijah,4-9-4
Eden,1-9-1
Zaiden,6-8-5
Ayaan,3-3-6
Aarav,3-4-7
Tripp,9-7-7
Geovanni,3-3-6
Yadiel,6-5-2
Kyson,6-6-3
Callum,4-4-8
Deegan,2-7-9
Lennon,2-9-2
Abdiel,6-9-6
Carsen,6-9-6
Kolten,2-3-5
Stella,6-9-6
Sallie,6-7-4
Nettie,1-9-1
Etta,6-4-1
Harriet,6-1-7
Sadie,6-5-2
Katie,6-4-1
Lydia,1-5-6
Kate,6-4-1
Mollie,2-1-3
Lulu,6-6-3
Nannie,6-6-3
Lottie,2-7-9
Belle,1-8-9
Charlotte,3-9-3
Amelia,7-7-5
Hannah,2-8-1
Jane,6-6-3
Emily,5-5-1
Matilda,2-4-6
Henrietta,2-8-1
Sara,2-1-3
Estella,2-9-2
Theresa,2-2-4
Josie,2-2-4
Sophia,7-7-5
Anne,6-1-7
Delia,6-7-4
Louisa,1-4-5
Mayme,6-6-3
Estelle,6-9-6
Nina,1-1-2
Bettie,1-6-7
Luella,9-9-9
Inez,5-4-9
Lela,6-6-3
Rosie,2-1-3
Millie,5-1-6
Janie,6-6-3
Cornelia,3-2-5
Victoria,7-9-7
Celia,6-6-3
Christine,5-1-6
Birdie,5-6-2
Harriett,6-3-9
Mable,6-9-6
Myra,1-2-3
Sophie,2-7-9
Tillie,5-8-4
Isabel,6-6-3
Sylvia,1-6-7
Isabelle,2-9-2
Leila,6-6-3
Sally,1-5-6
Ina,1-5-6
Nell,5-2-7
Alberta,7-7-5
Katharine,7-8-6
Rena,6-5-2
Mina,1-9-1
Mathilda,2-3-5
Dollie,2-1-3
Hettie,1-3-4
Fanny,1-5-6
Lenora,3-8-2
Adelaide,3-2-5
Lelia,6-6-3
Nelle,1-2-3
Sue,8-1-9
Johanna,8-1-9
Lilly,9-7-7
Lucinda,4-6-1
Minerva,6-4-1
Lettie,1-7-8
Roxie,2-6-8
Helena,2-7-9
Hilda,1-6-7
Hulda,4-6-1
Genevieve,2-2-4
Cordelia,3-1-4
Jeanette,7-1-8
Adeline,2-3-5
Leah,6-2-8
Lura,4-3-7
Mittie,5-8-4
Isabella,7-9-7
Olga,7-1-8
Phoebe,7-8-6
Teresa,2-3-5
Lida,1-7-8
Lina,1-8-9
Marguerite,5-4-9
Claudia,5-1-6
Cecelia,2-9-2
Bess,5-4-9
Emilie,1-7-8
Rosetta,3-5-8
Myrtie,5-4-9
Cecilia,6-9-6
Olivia,7-7-5
Ophelia,3-9-3
Elnora,3-8-2
Violet,2-9-2
Adele,2-7-9
Lily,9-4-4
Loretta,3-7-1
Madge,6-6-3
Polly,6-2-8
Eugenia,5-3-8
Lucile,8-9-8
Mabelle,2-3-5
Rosalie,3-4-7
Kittie,5-6-2
Meta,6-6-3
Angie,6-3-9
Georgiana,4-1-5
Lila,1-6-7
Regina,6-3-9
Selma,6-8-5
Wilhelmina,6-1-7
Bridget,5-6-2
Lilla,1-9-1
Malinda,2-7-9
Vina,1-9-1
Freda,6-1-7
Gertie,1-9-1
Jeannette,7-6-4
Louella,6-9-6
Mandy,1-2-3
Roberta,3-4-7
Corinne,2-4-6
Lyda,1-5-6
Naomi,7-9-7
Norma,7-9-7
Margie,6-2-8
Nona,7-1-8
Zella,6-5-2
Dovie,2-8-1
Elvira,6-7-4
Erma,6-4-1
Irma,1-4-5
Leota,3-5-8
Blanch,1-3-4
Charity,1-2-3
Lorena,3-8-2
Lucretia,9-8-8
Orpha,7-6-4
Alvina,2-3-5
Annette,2-5-7
Catharine,7-9-7
Elma,6-7-4
Geneva,2-7-9
Leora,3-3-6
Lona,7-8-6
Miriam,1-8-9
Zora,7-8-6
Octavia,8-9-8
Sudie,8-5-4
Zula,4-2-6
Adella,7-1-8
Frieda,6-1-7
Joanna,8-2-1
Leonora,9-8-8
Priscilla,1-8-9
Tennie,1-3-4
Angeline,2-2-4
Docia,7-7-5
Ettie,1-4-5
Flossie,2-2-4
Hanna,2-9-2
Letha,6-4-1
Minta,1-2-3
Retta,6-4-1
Rosella,3-7-1
Adah,2-3-5
Berta,6-4-1
Elisabeth,2-7-9
Elise,1-4-5
Leola,3-6-9
Margret,6-4-1
Adaline,7-3-1
Idella,6-1-7
Juanita,5-8-4
Lenna,6-4-1
Lucie,8-6-5
Missouri,9-6-6
Nola,7-8-6
Zoe,2-8-1
Eda,6-4-1
Isabell,6-9-6
Julie,8-4-3
Letitia,6-7-4
Madeline,2-7-9
Malissa,2-9-2
Mariah,2-3-5
Pattie,6-2-8
Almeda,7-2-9
Aurelia,1-3-4
Dolly,6-8-5
Jannie,6-2-8
Kathrine,6-8-5
Lavinia,2-3-5
Marietta,7-8-6
Melvina,6-7-4
Ona,7-5-3
Pinkie,5-5-1
Susanna,5-3-8
Chloe,2-5-7
Elsa,6-4-1
Matie,6-6-3
Pearle,2-1-3
Vesta,6-7-4
Vinnie,5-5-1
Antoinette,8-7-6
Clementine,6-4-1
Edythe,1-3-4
Harriette,2-3-5
Libbie,5-7-3
Lilian,1-2-3
Lutie,8-5-4
Magdalena,8-5-4
Meda,6-8-5
Rita,1-2-3
Tena,6-7-4
Zelma,6-6-3
Adelia,7-7-5
Annetta,7-5-3
Dona,7-9-7
Elizebeth,6-5-2
Georgianna,4-6-1
Gracie,6-1-7
Iona,7-5-3
Leta,6-5-2
Liza,1-2-3
Mertie,1-6-7
Molly,6-8-5
Neva,6-9-6
Oma,7-4-2
Alida,2-7-9
Cecile,1-9-1
Ernestine,6-4-1
Evie,1-4-5
Helene,6-7-4
Minna,1-5-6
Myrta,1-4-5
Prudence,4-1-5
Queen,4-4-8
Rilla,1-6-7
Savannah,3-5-8
Tessie,1-4-5
Agatha,3-8-2
America,7-7-5
Anita,2-7-9
Arminta,2-2-4
Dorothea,9-5-5
Luvenia,9-3-3
Marjorie,3-5-8
Maybelle,2-1-3
Mellie,1-1-2
Nan,1-1-2
Velma,6-2-8
Constance,3-1-4
Ila,1-3-4
Iola,7-3-1
Louvenia,6-3-9
Lucia,4-6-1
Ludie,8-7-6
Luna,4-8-3
Metta,6-8-5
Phebe,1-8-9
Sophronia,4-3-7
Adda,2-8-1
Avis,1-5-6
Betsy,5-3-8
Cordie,2-7-9
Emmaline,2-7-9
Ethelyn,1-7-8
Hortense,7-7-5
Marcella,7-4-2
Melinda,6-7-4
Mona,7-9-7
Odessa,3-6-9
Veronica,3-3-6
Aimee,2-4-6
Annabel,7-6-4
Ava,2-4-6
Bella,6-8-5
Carolina,8-2-1
Cathrine,6-9-6
Christena,6-1-7
Dena,6-9-6
Eleanore,4-8-3
Elmira,6-7-4
Jenny,5-9-5
Kizzie,5-9-5
Loula,1-6-7
Magdalene,3-5-8
Mettie,1-8-9
Mintie,5-2-7
Peggy,5-1-6
Reba,6-2-8
Serena,2-6-8
Vida,1-8-9
Zada,2-3-5
Abigail,2-3-5
Celestine,6-5-2
Celina,6-2-8
Daisie,6-5-2
Dessa,6-6-3
Easter,2-3-5
Emelia,2-7-9
Emmie,1-8-9
Imogene,7-7-5
India,1-9-1
Jeanne,2-2-4
Lenore,7-8-6
Liddie,5-2-7
Lotta,7-7-5
Mame,6-8-5
Nevada,7-4-2
Rachael,7-5-3
Sina,1-6-7
Willa,1-2-3
Aline,6-8-5
Daisey,6-3-9
Dorcas,7-8-6
Edmonia,3-4-7
Effa,6-3-9
Eldora,3-7-1
Eloise,7-4-2
Emmer,1-8-9
Era,6-9-6
Gena,6-3-9
Iris,9-1-1
Izora,7-8-6
Lissie,5-5-1
Mallie,6-1-7
Malvina,2-7-9
Mathilde,6-3-9
Mazie,6-3-9
Queenie,9-4-4
Rosina,7-6-4
Salome,3-8-2
Theodora,9-5-5
Therese,6-2-8
Vena,6-9-6
Wanda,2-5-7
Wilda,1-3-4
Altha,2-4-6
Anastasia,4-9-4
Besse,1-4-5
Birtie,5-4-9
Clarissa,2-8-1
Delilah,6-9-6
Diana,2-9-2
Emelie,6-7-4
Erna,6-5-2
Florida,7-4-2
Frona,7-2-9
Hilma,1-6-7
Juliet,8-6-5
Leonie,7-8-6
Lugenia,9-6-6
Mammie,6-3-9
Manda,2-4-6
Manerva,7-4-2
Manie,6-9-6
Nella,6-2-8
Paulina,5-6-2
Philomena,3-9-3
Selina,6-9-6
Sena,6-6-3
Theodosia,9-6-6
Una,4-5-9
Adela,7-7-5
Althea,7-4-2
Amalia,3-7-1
Amber,6-6-3
Angelina,7-2-9
Annabelle,3-9-3
Anner,6-1-7
Arie,6-9-6
Clarice,6-9-6
Corda,7-7-5
Corrie,2-3-5
Dellar,6-1-7
Donie,2-9-2
Elda,6-7-4
Elinor,2-8-1
Emeline,6-3-9
Emilia,6-7-4
Etha,6-1-7
Indiana,2-5-7
Ione,2-5-7
Josiephine,7-4-2
Kitty,9-4-4
Lavina,2-3-5
Leda,6-7-4
Letta,6-7-4
Mahala,3-6-9
Marcia,2-7-9
Margarette,3-6-9
Maudie,9-8-8
Maye,6-2-8
Norah,7-4-2
Patty,1-9-1
Paula,5-1-6
Permelia,2-5-7
Rosalia,8-4-3
Roxanna,8-7-6
Sula,4-4-8
Vada,2-8-1
Winnifred,5-7-3
Adline,6-3-9
Almira,2-7-9
Alvena,7-3-1
Arizona,8-4-3
Becky,5-5-1
Bernadette,7-6-4
Cordia,7-7-5
Corine,2-8-1
Dicie,5-7-3
Dove,2-8-1
Drusilla,4-2-6
Elena,2-8-1
Elenora,8-8-7
Elmina,6-3-9
Ethyl,5-2-7
Evalyn,6-1-7
Evelina,2-3-5
Faye,6-4-1
Huldah,4-5-9
Idell,5-1-6
Inga,1-3-4
Irena,6-5-2
Kattie,6-6-3
Lavenia,7-3-1
Lovina,7-3-1
Lulie,8-6-5
Magnolia,8-1-9
Margeret,2-4-6
Margery,6-9-6
Media,6-8-5
Millicent,5-2-7
Nena,6-1-7
Orilla,7-6-4
Pansy,1-2-3
Rosia,7-1-8
Rowena,3-1-4
Tabitha,2-5-7
Verdie,1-8-9
Zetta,6-3-9
Zoa,7-8-6
Zona,7-4-2
Albertina,7-3-1
Albina,2-1-3
Alyce,6-4-1
Amie,6-4-1
Annis,1-2-3
Carra,2-3-5
Clarinda,2-6-8
Delphia,6-4-1
Dillie,5-1-6
Doshie,2-4-6
Drucilla,4-4-8
Etna,6-7-4
Eugenie,9-3-3
Eulalia,1-6-7
Eve,1-4-5
Felicia,6-3-9
Florance,3-8-2
Fronie,2-2-4
Geraldine,2-1-3
Gina,1-3-4
Glenna,6-2-8
Grayce,6-8-5
Hedwig,5-6-2
Jossie,2-3-5
Katheryn,6-6-3
Katy,1-2-3
Leanna,7-4-2
Leitha,6-4-1
Leone,7-8-6
Lidie,5-7-3
Loma,7-7-5
Lular,4-6-1
Magdalen,7-5-3
Maymie,6-6-3
Minervia,6-4-1
Muriel,8-7-6
Neppie,1-1-2
Onie,2-5-7
Osa,7-1-8
Otelia,3-5-8
Paralee,3-1-4
Patience,2-8-1
Rella,6-6-3
Rillie,5-6-2
Rosanna,8-2-1
Tilda,1-9-1
Tishie,5-2-7
Tressa,6-4-1
Viva,1-8-9
Yetta,6-2-8
Zena,6-4-1
Zola,7-2-9
Abby,1-2-3
Aileen,2-8-1
Alda,2-7-9
Alla,2-6-8
Alverta,7-9-7
Ara,2-9-2
Ardelia,7-7-5
Ardella,7-1-8
Arrie,6-9-6
Arvilla,2-1-3
Aurora,2-9-2
Bama,2-6-8
Bena,6-7-4
Calla,2-9-2
Camilla,2-4-6
Carlotta,8-1-9
Celestia,2-9-2
Cherry,5-9-5
Cinda,1-3-4
Classie,6-8-5
Claudine,9-6-6
Clemie,1-1-2
Clyda,1-8-9
Creola,3-6-9
Debbie,1-8-9
Dinah,1-8-9
Doshia,7-4-2
Ednah,6-8-5
Edyth,5-3-8
Eleanora,9-8-8
Electa,2-8-1
Eola,3-3-6
Eudora,6-4-1
Euphemia,5-1-6
Evalena,3-3-6
Evaline,2-3-5
Faith,1-7-8
Fidelia,6-4-1
Golda,7-5-3
Helma,6-6-3
Hermine,1-8-9
Hessie,1-1-2
Ivah,1-3-4
Janette,2-1-3
Jennette,6-6-3
Joella,3-7-1
Kathryne,6-6-3
Lanie,6-8-5
Lauretta,1-7-8
Leana,7-8-6
Leatha,7-4-2
Liller,5-9-5
Lillis,9-1-1
Louetta,6-7-4
Madie,6-8-5
Mai,1-4-5
Martina,2-2-4
Maryann,2-3-5
Melva,6-2-8
Mena,6-9-6
Mercedes,6-3-9
Mima,1-8-9
Minda,1-4-5
Monica,7-3-1
Nealie,2-8-1
Netta,6-9-6
Nolia,7-8-6
Nonie,2-1-3
Odelia,3-7-1
Ottilie,2-7-9
Phyllis,9-2-2
Sabina,2-8-1
Sada,2-5-7
Suzanne,9-1-1
Sybilla,1-7-8
Thea,6-1-7
Tressie,1-4-5
Vallie,6-1-7
Venie,1-9-1
Viney,5-7-3
Wilhelmine,1-1-2
Winona,7-6-4
Zelda,6-6-3
Zilpha,1-8-9
Adelle,2-1-3
Adina,2-9-2
Adrienne,2-5-7
Albertine,2-3-5
Alys,1-2-3
Ana,2-5-7
Araminta,3-2-5
Birtha,1-3-4
Bulah,4-4-8
Caddie,6-2-8
Celie,1-6-7
Charlotta,8-9-8
Concepcion,8-8-7
Cordella,3-4-7
Corrine,2-8-1
Delila,6-1-7
Delphine,1-9-1
Dosha,7-4-2
Elaine,2-8-1
Elisa,6-4-1
Ellar,6-6-3
Elmire,1-7-8
Elvina,6-3-9
Ena,6-5-2
Estie,1-3-4
Etter,1-4-5
Fronnie,2-7-9
Georgina,3-1-4
Gracia,2-1-3
Gwendolyn,2-9-2
Hassie,6-1-7
Honora,4-4-8
Icy,9-1-1
Isa,1-1-2
Isadora,8-5-4
Johannah,8-9-8
Juana,5-6-2
Junie,8-6-5
Lavonia,8-3-2
Lella,6-9-6
Lemma,6-2-8
Letty,5-5-1
Linna,1-4-5
Littie,5-7-3
Lollie,2-9-2
Lorene,7-8-6
Lovisa,7-8-6
Lucina,4-2-6
Madora,8-8-7
Mahalia,3-6-9
Manervia,7-4-2
Manuela,1-3-4
Margarett,7-6-4
Margaretta,8-6-5
Margarita,3-4-7
Marilla,2-1-3
Mignon,6-3-9
Mozella,3-9-3
Natalie,7-1-8
Nelia,6-8-5
Nolie,2-8-1
Omie,2-4-6
Ottilia,7-7-5
Parthenia,7-4-2
Penelope,3-4-7
Pinkey,5-3-8
Pollie,2-4-6
Rennie,1-1-2
Reta,6-2-8
Roena,3-5-8
Rosalee,8-4-3
Roseanna,4-2-6
Ruthie,8-1-9
Sabra,2-3-5
Sannie,6-2-8
Selena,2-9-2
Sibyl,9-4-4
Tella,6-8-5
Tempie,1-4-5
Tennessee,2-5-7
Teressa,2-4-6
Texas,6-9-6
Theda,6-5-2
Thursa,4-2-6
Ula,4-3-7
Vannie,6-5-2
Verona,3-9-3
Vertie,1-6-7
Wilma,1-3-4
Adell,6-1-7
Aggie,6-5-2
Alcie,6-6-3
Alfreda,7-4-2
Alicia,2-6-8
Allene,2-2-4
Almyra,2-5-7
Anastacia,4-2-6
Aria,2-9-2
Arminda,2-4-6
Aura,5-9-5
Avie,6-4-1
Berdie,1-6-7
Buena,9-7-7
Calista,2-9-2
Cammie,6-2-8
Cara,2-3-5
Celesta,2-9-2
Celeste,6-9-6
Chaney,6-5-2
Chanie,6-7-4
Charlottie,3-9-3
Chrissie,5-4-9
Christene,1-1-2
Christiana,2-1-3
Cleora,3-6-9
Clora,7-6-4
Coralie,3-6-9
Dayse,6-3-9
Delfina,6-9-6
Deliah,6-6-3
Delina,6-3-9
Delle,1-1-2
Dicy,9-5-5
Donia,7-9-7
Dulcie,8-1-9
Edwina,6-5-2
Ela,6-3-9
Eleonora,5-8-4
Elta,6-5-2
Elzada,7-6-4
Emaline,2-3-5
Eulah,9-2-2
Eulalie,5-6-2
Euna,9-5-5
Zadie,6-3-9
Eveline,6-3-9
Lelah,6-5-2
Nanie,6-1-7
Petra,6-9-6
Glennie,1-2-3
Juliette,4-8-3
Mercy,5-5-1
Miranda,2-4-6
Nana,2-1-3
Zilpah,1-8-9
Almedia,7-2-9
Byrdie,5-4-9
Claribel,6-2-8
Coral,7-6-4
Exie,1-6-7
Malissie,6-9-6
Myrtice,5-7-3
Narcissus,4-2-6
Rosamond,4-5-9
Theresia,2-2-4
Valeria,7-7-5
Vessie,1-6-7
Victorine,2-5-7
Arabella,8-8-7
Dottie,2-8-1
Flo,6-9-6
Fredericka,2-6-8
Gusta,4-1-5
Icie,5-3-8
Lillia,1-9-1
Lota,7-5-3
Nathalie,7-9-7
Nita,1-7-8
Ota,7-2-9
Ramona,8-9-8
Texie,1-8-9
Zillah,1-4-5
Aida,2-4-6
Arra,2-9-2
Belva,6-9-6
Biddie,5-1-6
Bula,4-5-9
Carry,1-1-2
Crete,1-5-6
Dossie,2-6-8
Evangeline,7-6-4
Flavia,2-4-6
Fleta,6-2-8
Fronia,7-2-9
Gillie,5-4-9
Jinnie,5-2-7
Katharina,3-8-2
Mirtie,5-6-2
Mora,7-4-2
Ninnie,5-6-2
Rettie,1-4-5
Rozella,3-5-8
Sofia,7-7-5
Sybil,9-4-4
Sylvania,2-2-4
Tilla,1-8-9
Ursula,7-4-2
Veda,6-8-5
Zaida,2-3-5
Zenobia,3-6-9
Aletha,7-4-2
Ason,7-6-4
Bina,1-7-8
Chloie,2-5-7
Christie,5-5-1
Corean,3-8-2
Corinna,7-4-2
Elodie,7-7-5
Epsie,1-8-9
Exa,6-6-3
Georgine,7-1-8
Gretta,6-2-8
Henriette,6-8-5
Jemima,6-9-6
Jo,6-1-7
Josefa,3-8-2
Juliana,5-9-5
Katharyn,2-6-8
Lavada,3-2-5
Leonore,4-8-3
Levina,6-3-9
Libby,9-5-5
Lilie,5-6-2
Louanna,2-4-6
Mabell,6-3-9
Madeleine,7-7-5
Marinda,2-4-6
Mila,1-7-8
Neta,6-7-4
Orlena,3-8-2
Ozella,3-5-8
Ressie,1-2-3
Rosena,3-6-9
Rosey,2-8-1
Senora,3-6-9
Siddie,5-9-5
Susana,5-7-3
Susanne,9-3-3
Texanna,7-9-7
Tiney,5-5-1
Tinie,5-7-3
Tiny,9-5-5
Achsah,2-2-4
Agness,6-5-2
Ala,2-3-5
Alabama,4-9-4
Alexina,7-5-3
Altie,6-5-2
Ama,2-4-6
Amalie,7-7-5
Amelie,2-7-9
Amey,6-2-8
Amma,2-8-1
Ammie,6-8-5
Anie,6-5-2
Annabell,7-9-7
Arta,2-2-4
Attie,6-4-1
Audra,5-4-9
Azzie,6-7-4
Cathryn,1-7-8
Cena,6-8-5
Chestina,6-1-7
Crissie,5-5-1
Cyntha,1-7-8
Daisye,6-3-9
Dellia,6-1-7
Delta,6-9-6
Dema,6-8-5
Dezzie,1-2-3
Dola,7-7-5
Dollye,2-8-1
Eithel,1-4-5
Elba,6-5-2
Elfrieda,2-4-6
Elna,6-8-5
Emogene,3-7-1
Enola,3-8-2
Verda,6-8-5
Gretchen,1-7-8
Hermina,6-8-5
Nelly,5-9-5
Eller,1-6-7
Hetty,5-1-6
Luetta,9-7-7
Pennie,1-8-9
Rosemary,3-3-6
Beckie,1-7-8
Buna,4-7-2
Caldonia,8-6-5
Candace,7-6-4
Edla,6-7-4
Florrie,2-9-2
Luisa,4-4-8
Myrtis,9-5-5
Trudie,8-6-5
Agusta,5-1-6
Alphonsine,3-2-5
Dellie,1-1-2
Delpha,6-4-1
Kathyrn,1-6-7
Loretto,8-7-6
Lucindy,3-4-7
Maybell,6-1-7
Odile,2-7-9
Orah,7-8-6
Prudie,8-2-1
Rhea,6-8-5
Rinda,1-9-1
Rosy,6-8-5
Roxy,6-4-1
Sarrah,2-9-2
Susannah,5-2-7
Tula,4-5-9
Alwina,2-4-6
Arah,2-8-1
Bernadine,2-7-9
Capitola,8-6-5
Cathern,6-9-6
Columbia,1-3-4
Eileen,6-8-5
Elizbeth,1-5-6
Eura,9-9-9
Hennie,1-9-1
Henretta,2-8-1
Ivie,5-4-9
Jeanie,2-6-8
Justina,4-9-4
Leaner,2-8-1
Leonia,3-8-2
Lorraine,3-8-2
Lucetta,9-1-1
Macie,6-7-4
Mahalie,7-6-4
Marry,1-2-3
Novella,3-6-9
Olevia,3-7-1
Phillis,9-4-4
Philomene,7-9-7
Salina,2-9-2
Sinda,1-1-2
Tinnie,5-3-8
Vashti,1-6-7
Vella,6-1-7
Veva,6-8-5
Vicy,9-5-5
Zita,1-1-2
Affie,6-3-9
Albertha,7-6-4
Anabel,7-1-8
Artelia,7-5-3
Barbra,2-4-6
Beaulah,1-4-5
Bertina,6-9-6
Birdella,6-3-9
Blossom,3-2-5
Carmela,7-1-8
Carolyne,3-9-3
Cilla,1-9-1
Denise,1-1-2
Dorthea,3-5-8
Eleonore,9-8-8
Fairy,1-4-5
Fannye,6-5-2
Franc,1-5-6
Francina,2-1-3
Francisca,2-9-2
Genevra,2-7-9
Helga,6-9-6
Iza,1-8-9
Jeanetta,3-1-4
Jeannie,2-2-4
Jerusha,9-1-1
Lisette,1-8-9
Loda,7-7-5
Luda,4-7-2
Lynda,1-1-2
Marget,6-4-1
Mariam,2-8-1
Modena,3-4-7
Nanna,2-6-8
Nelie,1-8-9
Olena,3-8-2
Lelar,6-6-3
Matilde,6-4-1
Simona,7-1-8
Thora,7-1-8
Angelita,7-8-6
Berenice,6-1-7
Dagmar,2-6-8
Dina,1-9-1
Ema,6-4-1
Florine,2-5-7
Loraine,3-8-2
Maida,2-8-1
Missie,5-6-2
Arline,6-8-5
Beatrix,6-1-7
Dorathea,4-5-9
Elenor,7-8-6
Gertha,6-8-5
Lesta,6-6-3
Rebekah,2-3-5
Almina,2-3-5
Arlena,7-8-6
Dot,6-6-3
Elfie,1-9-1
Ermine,1-9-1
Francisqui,4-5-9
Georgeanna,9-6-6
Glendora,3-1-4
Leontine,7-6-4
Leva,6-7-4
Litha,1-4-5
Luberta,9-7-7
Marianna,3-5-8
Parlee,2-1-3
Pearla,7-1-8
Sister,5-4-9
Thresa,6-2-8
Alene,2-8-1
Alverda,7-2-9
Antonette,8-7-6
Argie,6-7-4
Arkie,6-2-8
Arletta,7-7-5
Bea,6-2-8
Bettye,1-4-5
Cappie,6-8-5
Caro,7-3-1
Cloe,2-6-8
Corene,7-8-6
Deetta,2-8-1
Elberta,2-7-9
Ether,1-1-2
Felicie,1-3-4
Frederica,2-4-6
Hellen,1-1-2
Icey,5-1-6
Ines,5-6-2
Junia,4-6-1
Laney,6-6-3
Lassie,6-5-2
Lockie,2-8-1
Lossie,2-5-7
Lovey,2-5-7
Marianita,3-2-5
Mattye,6-6-3
Rubie,8-2-1
Milly,9-8-8
Pluma,4-5-9
Ruie,8-9-8
Vira,1-4-5
Cleva,6-1-7
Gennie,1-8-9
Sadye,6-3-9
Vennie,1-5-6
Zettie,1-3-4
Clevie,1-1-2
Ferne,1-2-3
Maebelle,7-3-1
Maxine,6-6-3
Pearly,6-8-5
Savanah,3-9-3
Savilla,2-2-4
Valerie,2-7-9
Violetta,3-2-5
Adelina,7-3-1
Alzina,2-7-9
Annice,6-4-1
Beda,6-6-3
Clarabelle,3-5-8
Fleda,6-4-1
Goldia,7-5-3
Laila,2-6-8
Leala,7-6-4
Lilah,1-5-6
Lyla,1-4-5
Naoma,8-9-8
Nealy,6-6-3
Olivine,2-3-5
Rutha,4-1-5
Sussie,8-3-2
Theodocia,9-8-8
Vassie,6-6-3
Zina,1-4-5
Aurore,6-9-6
Beth,5-3-8
Channie,6-3-9
Freida,6-1-7
Georganna,4-6-1
Izetta,6-3-9
Kathern,6-8-5
Lady,1-5-6
Lala,2-6-8
Lilia,1-6-7
Lurana,5-8-4
Mozelle,7-9-7
Norine,2-1-3
Oney,2-3-5
Clotilde,2-6-8
Nova,7-9-7
Myrna,1-7-8
Medora,3-8-2
Hildur,3-6-9
Imo,6-4-1
Ragna,2-3-5
Vinie,5-9-5
Emmy,5-6-2
Hildegarde,2-8-1
Octa,7-5-3
Aurilla,5-6-2
Beula,9-5-5
Lera,6-3-9
Macy,1-5-6
Margrett,6-6-3
Melina,6-3-9
Pheobe,7-8-6
Alvira,2-7-9
Clella,6-3-9
Cornie,2-8-1
Dorotha,4-5-9
Dorthy,6-3-9
Dosia,7-5-3
Enid,5-9-5
Essa,6-2-8
Evelena,7-3-1
Genoveva,8-2-1
Greta,6-9-6
Ica,1-3-4
Ilma,1-7-8
Lalla,2-9-2
Lana,2-8-1
Leonor,8-8-7
Lolla,7-9-7
Lorna,7-8-6
Vergie,1-2-3
Mossie,2-6-8
Manuelita,1-5-6
Oline,2-8-1
Ima,1-4-5
Janey,6-4-1
Villa,1-1-2
Clytie,5-6-2
Ermina,6-9-6
Hertha,6-9-6
Margaretha,8-3-2
Melanie,2-3-5
Metha,6-5-2
Pricilla,1-7-8
Sigrid,9-3-3
Thekla,6-6-3
Berniece,6-1-7
Betha,6-3-9
Florie,2-9-2
Hilah,1-1-2
Isla,1-4-5
Judie,8-5-4
Lethia,6-4-1
Louisiana,2-9-2
Rubye,8-9-8
Silvia,1-8-9
Zelpha,6-8-5
Alwilda,2-6-8
Angele,2-6-8
Verlie,1-7-8
Zelia,6-2-8
Gunda,4-7-2
Octavie,3-9-3
Orelia,3-3-6
Retha,6-1-7
Signe,5-4-9
Anice,6-8-5
Carlota,8-8-7
Lurline,8-2-1
Luz,3-2-5
Opha,7-6-4
Ura,4-9-4
Vicie,5-7-3
Alwine,6-4-1
Carmelita,7-3-1
Clemma,6-5-2
Elia,6-3-9
Eloisa,3-4-7
Eppie,1-5-6
Gustie,8-1-9
Hazle,6-1-7
Lu,3-3-6
Ebba,6-4-1
Margarete,3-4-7
Myrle,5-5-1
Nadine,6-5-2
Pallie,6-4-1
Betsey,1-3-4
Cleta,6-8-5
Filomena,3-9-3
Orra,7-9-7
Arlene,2-8-1
Margretta,7-6-4
Pairlee,2-1-3
Zana,2-4-6
Francies,6-6-3
Marjory,7-5-3
Roxana,8-2-1
Cressie,1-5-6
Erla,6-3-9
Herma,6-3-9
Oliva,7-7-5
Rosalind,7-4-2
Chessie,1-4-5
Daphne,6-6-3
Lulah,4-5-9
Marvel,6-2-8
Monnie,2-5-7
Noemie,7-9-7
Gregoria,3-5-8
Josefina,3-4-7
Fleeta,2-2-4
Madaline,7-7-5
Hildred,5-1-6
Sibbie,5-5-1
Verena,2-9-2
Bernardine,2-7-9
Gerda,6-2-8
Hazelle,2-4-6
Nobie,2-7-9
Reva,6-4-1
Vonnie,2-5-7
Ethie,1-1-2
Jessye,1-1-2
Jetta,6-5-2
Signa,1-4-5
Delcie,1-1-2
Hildegard,6-8-5
Treva,6-6-3
Violette,7-2-9
Sylva,1-6-7
Twila,1-1-2
Concetta,3-6-9
Idabelle,2-3-5
Lulla,4-9-4
Mira,1-4-5
Nila,1-8-9
Olar,7-3-1
Velva,6-2-8
Yvonne,2-3-5
Evia,6-4-1
Willia,1-2-3
Dortha,7-5-3
Else,1-4-5
Freeda,2-1-3
Versa,6-5-2
Ilah,1-2-3
Maurine,9-9-9
Vernice,1-3-4
Elmyra,6-5-2
Madelyn,6-5-2
Cannie,6-4-1
Carmella,7-4-2
Cliffie,5-9-5
Ever,1-4-5
Leafy,6-7-4
Olinda,7-3-1
Virdie,5-8-4
Allena,7-2-9
Clotilda,7-6-4
Elida,6-7-4
Elvera,2-7-9
Fae,6-6-3
Josefita,3-1-4
Lurena,9-8-8
Versie,1-5-6
Vivien,5-4-9
Melba,6-9-6
Alline,6-2-8
Elfreda,2-4-6
Verla,6-7-4
Ouida,1-4-5
Flonnie,2-1-3
Palma,2-5-7
Consuelo,2-3-5
Lorine,2-8-1
Venus,8-1-9
Hasel,6-3-9
Noma,7-9-7
Virgia,1-2-3
Alleen,2-2-4
Mavis,1-9-1
Nelda,6-3-9
Trilby,9-5-5
Adel,6-7-4
Buelah,9-4-4
Milda,1-2-3
Velda,6-2-8
Bernetta,2-2-4
Neoma,3-9-3
Gaynell,6-7-4
Laurette,5-7-3
Coletta,3-1-4
Zela,6-2-8
Zeta,6-1-7
Manila,2-3-5
Manilla,2-6-8
Cuba,4-5-9
Earline,2-8-1
Vlasta,2-1-3
Jacqueline,5-2-7
Onnie,2-1-3
Vara,2-4-6
Alena,7-8-6
Ilo,6-3-9
Imelda,6-2-8
Ardis,1-5-6
Delores,7-8-6
Irva,1-4-5
Gwen,5-8-4
Tomasa,8-7-6
Veta,6-6-3
Berneice,6-1-7
Lempi,5-5-1
Eathel,2-4-6
Marybelle,2-1-3
Chrystal,1-6-7
Elvia,6-7-4
Ilene,1-8-9
Margarite,7-4-2
Marianne,7-5-3
Odette,7-8-6
Antonina,8-8-7
Delsie,1-8-9
Portia,7-9-7
Reatha,7-1-8
Aleen,2-8-1
Almeta,7-9-7
Lilyan,1-9-1
Jaunita,5-8-4
Luvinia,4-3-7
Alvera,7-7-5
Allean,7-2-9
Dagny,1-5-6
Leoma,3-7-1
Oleta,3-5-8
Trula,4-5-9
Ethyle,1-2-3
Ingeborg,2-3-5
Jeane,2-6-8
Laurine,9-8-8
Lorean,3-8-2
Marge,6-2-8
Margueritta,1-6-7
Mozell,2-9-2
Norene,7-1-8
Oneta,3-7-1
Lolita,7-8-6
Elouise,1-4-5
Cathleen,2-3-5
Bette,1-6-7
Earnestine,7-4-2
Florene,7-5-3
Laverna,7-3-1
Rafaela,8-9-8
Thyra,1-8-9
Loyce,2-4-6
Cleda,6-1-7
Pearline,2-6-8
Ceola,3-6-9
Lavera,7-7-5
Marcelle,2-4-6
Romaine,3-9-3
Rosalyn,7-9-7
Augustina,8-6-5
Bonita,7-9-7
Dominga,7-2-9
Girtha,1-8-9
Isobel,2-6-8
Anona,8-1-9
Syble,5-4-9
Edris,5-5-1
Santa,2-8-1
Theola,3-4-7
Veola,3-7-1
Ceil,5-6-2
Madlyn,1-5-6
Vernia,6-9-6
Ellamae,3-1-4
Irine,5-5-1
Linnea,6-4-1
Madalyn,2-5-7
Roslyn,6-7-4
Edrie,1-4-5
Vincenza,6-7-4
Yolanda,8-1-9
Edra,6-4-1
Orma,7-4-2
Ilda,1-7-8
Ardath,2-5-7
Renee,6-5-2
Astrid,1-7-8
Beadie,2-6-8
Doretha,3-5-8
Neola,3-8-2
Vela,6-7-4
Wava,2-9-2
Evelyne,6-1-7
Dimple,5-9-5
Annamae,8-5-4
Elease,7-4-2
Williemae,2-6-8
Rosaline,3-9-3
Charline,6-1-7
Charlene,2-1-3
Joanne,3-2-5
Theta,6-3-9
Deloris,2-8-1
Maureen,5-9-5
Rosabelle,8-9-8
Gilda,1-5-6
Herminia,6-8-5
Afton,7-4-2
Margurite,9-4-4
Clydie,5-8-4
Izola,7-2-9
Rosemarie,8-5-4
Arnetta,7-9-7
Gladyce,6-6-3
Floretta,3-4-7
Merna,6-9-6
Nedra,6-9-6
Clementina,2-4-6
Launa,5-8-4
Sonia,7-6-4
Aili,1-3-4
Gladis,1-6-7
Alease,3-4-7
Madonna,8-9-8
Azalee,3-2-5
Colleen,7-5-3
Darlene,2-3-5
Macel,6-1-7
Cleola,3-9-3
Loree,7-3-1
Stephania,7-5-3
Joann,7-2-9
Antonetta,4-7-2
Arietta,7-4-2
Vivienne,1-9-1
Elinore,7-8-6
Benita,6-9-6
Glenda,6-1-7
Earlene,7-8-6
Arleen,2-8-1
Blanchie,6-3-9
Vilma,1-2-3
Erline,1-8-9
Felice,1-3-4
Georgette,3-9-3
Yvette,1-6-7
Assunta,5-9-5
Helyn,5-5-1
Lavonne,3-8-2
Audry,4-2-6
Dorathy,7-5-3
Stasia,2-4-6
Vita,1-6-7
Jayne,6-4-1
Maebell,2-3-5
Mafalda,3-8-2
Olympia,7-3-1
Masako,8-7-6
Stacia,2-6-8
Domenica,3-7-1
Ingrid,9-7-7
Wynona,7-6-4
Bernita,6-9-6
Carole,3-6-9
Elenore,3-8-2
Waneta,7-3-1
Esperanza,3-3-6
Madelene,7-7-5
Roselyn,2-7-9
Kathlyn,1-9-1
Ardith,1-5-6
Venita,6-2-8
Santina,2-4-6
Maryjane,7-1-8
Orene,7-5-3
Noreen,7-1-8
Antionette,8-7-6
Margot,7-4-2
Dawn,1-5-6
Lahoma,8-6-5
Alexandra,8-9-8
Maryellen,2-4-6
Ruthe,8-1-9
Cleone,7-2-9
Kathaleen,3-2-5
Aldona,8-3-2
Janis,1-7-8
Christeen,1-1-2
Dorine,2-9-2
Caryl,1-4-5
Francine,6-1-7
Rosaria,8-1-9
Erlene,6-8-5
Georgetta,8-9-8
Olene,7-8-6
Sheila,6-3-9
Georgene,3-1-4
Yoshiko,3-9-3
Delora,3-7-1
Lavelle,2-4-6
Idamae,7-8-6
Michelina,6-5-2
Catalina,3-4-7
Liberty,5-5-1
Victory,6-7-4
Beverley,6-7-4
Laurene,5-8-4
Marilynn,1-6-7
Jeraldine,2-4-6
Marylou,1-5-6
Jacquelyn,9-9-9
Oneida,3-9-3
Concha,7-1-8
Marina,2-9-2
Doreen,7-9-7
Haruko,1-1-2
Felipa,6-7-4
Socorro,9-4-4
Elois,2-4-6
Toshiko,3-4-7
Carlene,2-2-4
Fumiko,9-3-3
Soledad,3-3-6
Gearldine,2-1-3
Shirlee,1-3-4
Merry,5-2-7
Clarine,6-2-8
Lorayne,3-6-9
Marlene,2-3-5
Kiyoko,3-2-5
Elwanda,7-8-6
Elayne,2-6-8
Darline,6-3-9
Arlyne,6-6-3
Marlys,1-6-7
Mardell,6-5-2
Willene,1-7-8
Inell,5-2-7
Venice,1-3-4
Ofelia,3-9-3
Peggie,1-3-4
Beatriz,6-3-9
Rochelle,7-8-6
Leatrice,2-8-1
Billye,5-6-2
Darleen,2-3-5
Hortencia,3-9-3
Ethelene,2-9-2
Marylouise,6-6-3
Eris,5-1-6
Bettyjane,2-1-3
Penny,5-6-2
Dorene,7-9-7
Toni,6-7-4
Lynette,1-1-2
Vonda,7-4-2
Amparo,8-2-1
Bebe,1-4-5
Phylis,9-8-8
Bettylou,5-7-3
Wanita,2-3-5
Marceline,2-6-8
Vernelle,6-6-3
Ernestina,2-4-6
Doloris,3-8-2
Delois,2-8-1
Nanette,2-5-7
Ardelle,2-1-3
Natalia,3-1-4
Estela,2-6-8
Sherry,5-7-3
Twyla,1-8-9
Jacquelin,9-2-2
Enriqueta,5-6-2
Bobbye,2-4-6
Patti,1-2-3
Lorrayne,3-6-9
Janell,6-3-9
Ladonna,8-8-7
Nada,2-9-2
Carla,2-6-8
Evangelina,3-6-9
Willodean,3-2-5
Charleen,2-1-3
Coleen,7-2-9
Illa,1-6-7
Shirlie,5-3-8
Ailene,2-8-1
Erlinda,6-3-9
Lita,1-5-6
Marilou,1-7-8
Lawanda,3-8-2
Charmaine,7-2-9
Cherie,1-2-3
Sonya,7-6-4
Raquel,9-2-2
Hortensia,3-7-1
Valencia,7-6-4
Jocelyn,2-1-3
Kazuko,1-3-4
Joye,2-8-1
Lidia,1-7-8
Roseann,3-2-5
Earlean,3-8-2
Jeannine,2-7-9
Romona,4-9-4
Jeanine,2-2-4
Joline,2-9-2
Felicitas,6-6-3
Carma,2-7-9
Marva,2-8-1
Colette,7-1-8
Sondra,7-1-8
Marilee,2-7-9
Jolene,7-9-7
Jovita,7-7-5
Dorla,7-7-5
Dianne,6-5-2
Margy,1-9-1
Velia,6-7-4
Margene,2-7-9
Beverlee,2-9-2
Maryanne,7-5-3
Joycelyn,2-8-1
Merlene,6-3-9
Oralia,8-3-2
Sydell,5-9-5
Jill,9-7-7
Ardeth,6-5-2
Armida,2-8-1
Marylin,1-1-2
Sonja,7-7-5
Laquita,5-4-9
Julianne,9-5-5
Nannette,2-1-3
Margo,7-2-9
Claudette,5-5-1
Arla,2-3-5
Charlsie,6-6-3
Marylyn,1-8-9
Mitzi,9-5-5
Patrica,2-3-5
Eartha,7-1-8
Herlinda,6-2-8
Trudy,3-4-7
Verdell,1-5-6
Joretta,3-5-8
Marsha,2-4-6
Verlene,6-3-9
Lynne,5-2-7
Mariann,2-5-7
Joetta,3-5-8
Rosanne,3-2-5
Belia,6-5-2
Janelle,2-3-5
Merilyn,5-1-6
Ardyce,6-5-2
Rosita,7-3-1
Celine,1-2-3
Carleen,2-2-4
Carolee,8-6-5
Dian,1-9-1
Dorthey,2-3-5
Kathy,1-1-2
Marita,2-6-8
Thomasina,8-2-1
Marta,2-6-8
Thalia,2-4-6
Nira,1-5-6
Sharlene,2-8-1
Rheta,6-1-7
Jerrie,1-1-2
Ginger,5-1-6
Jacklyn,1-3-4
Elissa,6-5-2
Paulette,5-5-1
Monna,7-5-3
Joellen,7-3-1
Lavona,8-3-2
Bonny,6-1-7
Luanne,9-4-4
Saundra,5-1-6
Luann,4-4-8
Pearlene,7-6-4
Nancie,6-4-1
Shirlene,1-8-9
Marcelina,7-6-4
Vicki,9-9-9
Karol,7-5-3
Louann,1-4-5
Alison,7-9-7
Marylee,2-5-7
Sharron,7-5-3
Cathy,1-2-3
Darla,2-7-9
Norita,7-7-5
Gaye,6-5-2
Jeri,5-1-6
Loris,6-4-1
Shirleyann,6-2-8
Carolynn,7-7-5
Marla,2-7-9
Evonne,7-5-3
Darlyne,6-1-7
Vernetta,2-4-6
Rhonda,7-8-6
Shelba,6-5-2
Shelva,6-7-4
Deanna,7-5-3
Karla,2-5-7
Tanya,2-5-7
Annmarie,7-5-3
Wendy,5-3-8
Ruthann,4-2-6
Sherrie,1-9-1
Carolann,8-7-6
Evon,2-9-2
Sheryl,5-1-6
Jacquline,9-2-2
Karlene,2-1-3
Glennis,5-3-8
Karin,1-7-8
Marleen,2-3-5
Roxanne,3-7-1
Harlene,2-7-9
Annamarie,8-5-4
Jacque,9-3-3
Maralyn,2-1-3
Shari,1-9-1
Larae,7-3-1
Gayla,2-8-1
Deanne,2-5-7
Dianna,2-5-7
Simone,2-1-3
Leilani,6-2-8
Vickie,5-9-5
Diann,1-5-6
Karolyn,7-1-8
Deann,6-5-2
Noretta,3-9-3
Shelvia,6-7-4
Shelvie,1-7-8
Shelia,6-3-9
Janyce,6-7-4
Jonell,2-3-5
Marolyn,7-3-1
Mimi,9-8-8
Noreta,3-7-1
Roseanne,8-2-1
Lorelei,7-6-4
Vicky,9-7-7
Helaine,2-7-9
Maryjo,7-5-3
Deana,7-9-7
Janine,6-2-8
Ronda,7-9-7
Leanne,2-4-6
Cindy,9-1-1
Judi,3-5-8
Karel,6-5-2
Karon,7-7-5
Glynda,1-8-9
Tamara,3-6-9
Suzann,4-1-5
Fran,1-2-3
Nanci,1-4-5
April,1-1-2
Hedy,5-1-6
Mari,1-4-5
Jannette,2-6-8
Jerri,5-1-6
Heidi,5-3-8
Dotty,6-6-3
Suellen,4-3-7
Lonna,7-4-2
Kathie,6-3-9
Ilona,7-8-6
Laraine,7-8-6
Susann,4-3-7
Rona,7-5-3
Sharen,6-5-2
Lynnette,1-6-7
Scarlett,6-2-8
Belinda,6-5-2
Pam,1-2-3
Ruthanne,9-2-2
Juliann,4-5-9
Sherron,2-5-7
Donita,7-2-9
Georgiann,3-6-9
Jerilyn,5-7-3
Sharyn,1-3-4
Sherri,5-9-5
Suzan,4-5-9
Nyla,1-6-7
Trina,1-7-8
Judyth,3-4-7
Nikki,9-9-9
Sheri,5-9-5
Jana,2-6-8
Adrianne,7-5-3
Georgeann,8-6-5
Terri,5-2-7
Caren,6-8-5
Kristine,5-1-6
Geri,5-7-3
Jerilynn,5-3-8
Karan,2-7-9
Rosann,7-2-9
Cheri,5-2-7
Leann,6-4-1
Phyliss,9-9-9
Merrily,5-5-1
Melody,2-9-2
Kaaren,7-7-5
Cassandra,3-5-8
Aloma,8-7-6
Cathie,6-4-1
Sandi,1-1-2
Ronna,7-1-8
Karren,6-7-4
Jerrilyn,5-7-3
Sheron,2-5-7
Pauletta,1-5-6
Merrilee,6-7-4
Terrie,1-2-3
Tonya,7-7-5
Sunny,3-9-3
Karyn,1-5-6
Ginny,9-6-6
Charla,2-5-7
Tana,2-7-9
Charolette,8-9-8
Marcy,1-5-6
Cheryle,1-3-4
Kathi,1-3-4
Karyl,1-3-4
Candy,1-1-2
Sherryl,5-1-6
Luana,5-8-4
Rozanne,3-9-3
Carlyn,1-9-1
Jacquelynn,9-5-5
Caron,7-8-6
Suzette,4-4-8
Dorinda,7-4-2
Teri,5-2-7
Alana,3-8-2
Danna,2-5-7
Maribeth,6-7-4
Pamala,3-5-8
Rosalinda,8-4-3
Elyse,1-2-3
Pamella,7-8-6
Bobbi,6-6-3
Corliss,6-8-5
Cheryll,5-6-2
Graciela,7-4-2
Sherilyn,5-6-2
Deirdre,1-8-9
Gerri,5-7-3
Glinda,1-1-2
Mickie,5-9-5
Marybeth,6-5-2
Cherrie,1-2-3
Laureen,5-8-4
Patrice,6-3-9
Aleta,7-5-3
Candice,6-6-3
Kristina,1-1-2
Vickey,5-7-3
Nicki,9-1-1
Deena,2-9-2
Janeen,2-2-4
Meryl,5-5-1
Bettina,6-2-8
Robyn,6-5-2
Sharyl,1-1-2
Erica,6-3-9
Lani,1-8-9
Leslee,6-7-4
Deidre,1-8-9
Katrina,2-9-2
Kristi,9-5-5
Cherryl,5-3-8
Dayle,6-5-2
Randi,1-9-1
Lori,6-3-9
Jacalyn,2-1-3
Starr,1-3-4
Kendra,6-2-8
Suzanna,5-1-6
Debby,5-6-2
Valarie,7-7-5
Melodie,7-2-9
Annemarie,3-5-8
Michaele,2-9-2
Janna,2-2-4
Trudi,3-6-9
Sandie,6-1-7
Daria,2-4-6
Vikki,9-8-8
Rachelle,2-8-1
Tonia,7-7-5
Marcie,6-7-4
Candis,1-4-5
Shiela,6-3-9
Regenia,2-3-5
Debora,3-6-9
Maura,5-4-9
Caryn,1-6-7
Kristie,5-5-1
Lizabeth,6-5-2
Regena,2-3-5
Denice,1-3-4
Drema,6-8-5
Shirleen,1-8-9
Cathey,6-2-8
Cristina,1-2-3
Lyndia,1-1-2
Blanca,2-4-6
Fonda,7-6-4
Renae,2-5-7
Kathlene,2-2-4
Loreen,7-8-6
Shauna,5-5-1
Sharman,2-9-2
Valorie,3-7-1
Sanjuanita,6-5-2
Bethany,6-6-3
Christa,1-5-6
Sanjuana,6-3-9
Candyce,6-4-1
Lorrie,2-3-5
Tara,2-2-4
Pamelia,7-5-3
Kristy,9-3-3
Collette,7-4-2
Roxann,7-7-5
Debrah,6-5-2
Mindy,9-2-2
Krista,1-5-6
Leticia,6-8-5
Terese,6-3-9
Mara,2-4-6
Nicolette,7-6-4
Vanessa,7-2-9
Merrie,1-4-5
Debbra,6-8-5
Jenifer,1-3-4
Lourdes,5-8-4
Geralyn,6-4-1
Jaclyn,1-1-2
Sharleen,2-8-1
Lorie,2-3-5
Allyson,7-3-1
Angelia,7-6-4
Jann,1-2-3
Joleen,7-9-7
Christi,9-5-5
Esmeralda,3-3-6
Teena,2-7-9
Gwenda,6-3-9
Rhona,7-4-2
Brinda,1-2-3
Pandora,8-7-6
Jodi,6-5-2
Kimberley,1-9-1
Megan,6-7-4
Lauri,4-3-7
Paige,6-5-2
Deborrah,3-5-8
Joette,7-5-3
Lise,5-4-9
Jacqulyn,4-9-4
Milagros,7-6-4
Marlena,7-3-1
Roxane,3-2-5
Ellyn,5-9-5
Debera,2-6-8
Joni,6-6-3
Cindi,9-3-3
Tricia,1-5-6
Brooke,8-4-3
Doretta,3-8-2
Lorri,6-3-9
Danette,2-4-6
Marci,1-7-8
Alisa,2-4-6
Kari,1-2-3
Lesa,6-4-1
Francesca,7-9-7
Lanette,2-3-5
Sharla,2-3-5
Kimberlee,6-2-8
Zandra,2-8-1
Sheree,6-9-6
Sabrina,2-8-1
Valinda,2-7-9
Sherie,1-9-1
Joanie,3-6-9
Starla,2-6-8
Merri,5-4-9
Kerri,5-2-7
Leeann,2-4-6
Vernita,6-2-8
Cherri,5-2-7
Bambi,1-8-9
Renita,6-7-4
Janel,6-9-6
Desiree,6-5-2
Denese,6-1-7
Roni,6-5-2
Sheilah,6-2-8
Athena,7-6-4
Jeryl,5-2-7
Danita,2-2-4
Gisele,1-2-3
Sherree,6-9-6
Debi,5-6-2
Kandy,1-9-1
Felecia,2-3-5
Migdalia,2-9-2
Dayna,2-7-9
Debbi,5-8-4
Debroah,3-5-8
Jaye,6-8-5
Monique,5-8-4
Tami,1-6-7
Taryn,1-5-6
Lorinda,7-3-1
Moira,7-4-2
Melodee,3-2-5
Sheryll,5-4-9
Trena,6-7-4
Noemi,2-9-2
Leesa,2-4-6
Marisa,2-5-7
Dawna,2-5-7
Tracie,6-5-2
Dani,1-9-1
Sheena,2-5-7
Dara,2-4-6
Kelli,5-8-4
Shawna,2-1-3
Barb,1-4-5
Kathey,6-1-7
Kellie,1-8-9
Wendi,5-5-1
Gaylene,2-4-6
Liz,9-2-2
Jeanna,7-2-9
Kara,2-2-4
Leisa,6-4-1
Chandra,2-2-4
Dori,6-4-1
Jami,1-5-6
Meg,5-2-7
Maritza,2-5-7
Stacie,6-6-3
Glynis,9-5-5
Juli,3-4-7
Babette,2-8-1
Tammie,6-1-7
Tamera,7-6-4
Tamra,2-6-8
Traci,1-5-6
Tammi,1-1-2
Deb,5-6-2
Tamela,7-9-7
Cyndi,9-1-1
Gabrielle,2-6-8
Cathi,1-4-5
Erika,6-2-8
Candi,1-3-4
Jacki,1-6-7
Nilda,1-3-4
Keri,5-2-7
Sarita,2-3-5
Tia,1-2-3
Bridgette,1-8-9
Tamie,6-6-3
Brigitte,5-4-9
Suzy,3-7-1
Kirsten,5-1-6
Tambra,2-8-1
Missy,9-4-4
Gigi,9-5-5
Perri,5-7-3
Karrie,6-2-8
Lissa,1-5-6
Lanita,2-1-3
Suzie,8-9-8
Bev,5-6-2
Alyson,7-9-7
Tresa,6-3-9
Kandi,1-2-3
Bridgett,5-8-4
Cari,1-3-4
Tori,6-2-8
Alesia,7-4-2
Ivette,1-8-9
Kerrie,1-2-3
Renea,2-5-7
Angelica,7-9-7
Liane,6-8-5
Shelli,5-6-2
Lesia,6-4-1
Penni,5-8-4
Tonja,7-8-6
Keely,1-3-4
Melisa,6-8-5
Tari,1-2-3
Deedee,2-8-1
Kayla,2-3-5
Lisha,1-3-4
Misty,9-5-5
Deidra,6-8-5
Leisha,6-3-9
Elana,7-8-6
Adriana,3-9-3
Loriann,7-4-2
Tania,2-7-9
Dedra,6-8-5
Evette,6-8-5
Latanya,3-8-2
Fawn,1-7-8
Risa,1-1-2
Krystal,1-6-7
Deeann,2-5-7
Johnna,7-1-8
Velvet,1-4-5
Corina,7-8-6
Jeana,7-6-4
Angelique,5-5-1
Marnita,2-2-4
Jonna,7-2-9
Machelle,2-3-5
Maribel,6-9-6
Barbie,6-4-1
Loria,7-3-1
Gwyn,7-8-6
Shanna,2-1-3
Monika,7-2-9
Trisha,1-2-3
Alecia,7-6-4
Janene,2-2-4
Latonya,8-8-7
Staci,1-6-7
Stefanie,2-5-7
Melonie,7-3-1
Marisol,7-8-6
Aretha,7-1-8
Marti,1-6-7
Darci,1-7-8
Adriene,2-9-2
Dawne,6-5-2
Charisse,6-4-1
Shirl,9-3-3
Lesli,5-7-3
Jena,6-6-3
Brigette,1-4-5
Tamala,3-9-3
Shana,2-5-7
Delisa,6-8-5
Maricela,7-1-8
Alyssa,2-3-5
Michell,5-3-8
Tonda,7-2-9
Richelle,1-8-9
Jeanmarie,3-1-4
Marissa,2-6-8
Melony,2-1-3
Deneen,6-5-2
Mia,1-4-5
Kecia,6-5-2
Djuna,4-1-5
Djuana,5-1-6
Noelle,7-2-9
Renata,7-7-5
Tessa,6-4-1
Anjanette,3-6-9
Denine,1-5-6
Daneen,2-5-7
Holli,6-5-2
Kimberli,5-2-7
Linette,1-3-4
Christal,1-8-9
Alisha,2-3-5
Elaina,7-8-6
Karri,1-2-3
Delinda,6-7-4
Tyra,1-9-1
Tawana,3-3-6
Marnie,6-9-6
Dionne,2-5-7
Kimberlie,1-2-3
Gabriela,7-3-1
Casandra,3-4-7
Marni,1-9-1
Tangela,7-8-6
Kimberely,1-9-1
Shanda,2-9-2
Demetria,2-1-3
Lavonda,8-7-6
Natasha,3-7-1
Mechelle,6-3-9
Shonda,7-9-7
Yolonda,4-1-5
Brigid,9-4-4
Julianna,5-5-1
Carin,1-8-9
Keli,5-5-1
Gia,1-7-8
Latricia,2-8-1
Lizette,1-6-7
Cristine,5-2-7
Bethann,6-4-1
Tabatha,3-5-8
Joelle,7-7-5
Lara,2-3-5
Sonji,6-7-4
Tamatha,3-7-1
Tasha,2-2-4
Tatia,2-4-6
Gidget,5-2-7
Latonia,8-1-9
Brandi,1-2-3
Nichole,2-1-3
Alissa,2-5-7
Demetra,2-1-3
Joell,2-7-9
Inger,5-3-8
Caprice,6-4-1
Denita,6-2-8
Mellissa,6-3-9
Lia,1-3-4
Catrina,2-1-3
Milissa,1-9-1
Sunday,4-8-3
Meghan,6-6-3
Andria,2-9-2
Nichelle,1-4-5
Cami,1-7-8
Anissa,2-7-9
Josette,7-6-4
Lissette,1-9-1
Adriane,7-9-7
Windy,9-3-3
Kami,1-6-7
Buffy,3-3-6
Karie,6-2-8
Keisha,6-2-8
Wende,1-5-6
Tawnya,2-1-3
Danelle,2-6-8
Misti,9-7-7
Tisha,1-2-3
Larissa,2-5-7
Darcie,6-7-4
Mayra,2-2-4
Sebrina,6-8-5
Ericka,6-5-2
Towanda,8-7-6
Michaela,7-9-7
Cristy,9-4-4
Cherise,1-3-4
Tanja,2-8-1
Carie,6-3-9
Carri,1-3-4
Tiffani,1-1-2
Coretta,3-7-1
Tamiko,7-8-6
Tamika,2-8-1
Chantel,6-3-9
Shannan,2-6-8
Kristal,1-8-9
Davina,2-4-6
Kirstin,9-1-1
Latrice,6-8-5
Jolie,2-4-6
Cristi,9-6-6
Cori,6-3-9
Araceli,7-6-4
Stephenie,6-5-2
Melissia,6-9-6
Chantal,2-3-5
Corrina,7-8-6
Gillian,1-9-1
Rolanda,8-3-2
Nicola,7-2-9
Kellee,6-8-5
Shani,1-5-6
Chanda,2-2-4
Cinnamon,7-4-2
Chelsea,2-6-8
Ami,1-4-5
Racquel,9-5-5
Nicolle,2-5-7
Autumn,7-2-9
Kisha,1-2-3
Latasha,3-5-8
Shonna,7-1-8
Christin,9-1-1
Latisha,2-5-7
Dione,2-9-2
Jada,2-5-7
Kyra,1-9-1
Mindi,9-4-4
Shona,7-5-3
Mellisa,6-2-8
Christen,5-1-6
Alexandria,8-9-8
Sharonda,8-9-8
Julissa,4-6-1
Karina,2-7-9
Kira,1-2-3
Tawanda,3-7-1
Marisela,7-8-6
Terra,6-2-8
Lashonda,8-3-2
Tera,6-2-8
Toya,7-2-9
Carissa,2-5-7
Stefani,6-5-2
Kesha,6-2-8
Tisa,1-3-4
Maya,2-2-4
Angella,7-9-7
Tiffanie,6-1-7
Trista,1-5-6
Raina,2-5-7
Crista,1-6-7
Kristan,1-1-2
Tawanna,3-8-2
Niki,9-7-7
Serina,6-6-3
Shawnda,2-5-7
Tosha,7-2-9
Christel,5-8-4
Tracee,2-5-7
Dyan,1-7-8
Tanisha,2-7-9
Chantelle,2-6-8
Stephany,6-3-9
Treena,2-7-9
Yesenia,2-4-6
Candida,2-7-9
Tarsha,2-2-4
Tameka,7-8-6
Ayanna,3-8-2
Jenni,5-2-7
Brandie,6-2-8
Shantel,6-1-7
Ebony,2-5-7
Shayla,2-1-3
Kia,1-2-3
Alysia,2-2-4
Summer,8-9-8
Jenna,6-2-8
Latoya,8-3-2
Cristal,1-9-1
Shanta,2-7-9
Shalonda,8-3-2
Angelic,6-9-6
Brenna,6-3-9
Alycia,2-4-6
Damaris,2-9-2
Consuela,6-3-9
Lashanda,3-3-6
Adria,2-4-6
Lasonya,8-7-6
Shara,2-9-2
Katina,2-9-2
Catina,2-1-3
Cher,5-2-7
Lakisha,2-5-7
Chastity,1-5-6
Nikole,2-1-3
Contina,7-6-4
Chiquita,4-3-7
Chasity,1-3-4
Nichol,6-1-7
Brandee,2-2-4
Camisha,2-7-9
Lakesha,7-5-3
Anika,2-7-9
Cherilyn,5-8-4
Alejandra,8-4-3
Lakeisha,7-5-3
Latosha,8-5-4
Keena,2-7-9
Sasha,2-1-3
Nikita,1-9-1
Cristin,9-2-2
Rocio,3-3-6
Tomika,7-8-6
Tomeka,3-8-2
Racheal,7-5-3
Griselda,6-6-3
Keesha,2-2-4
Liliana,2-2-4
Stephaine,2-5-7
Bree,1-2-3
Latrina,2-1-3
Felisha,6-9-6
Layla,2-4-6
Celena,2-2-4
Jenniffer,1-5-6
Rebeca,2-5-7
Sherita,6-2-8
Kori,6-2-8
Alethea,3-4-7
Carly,1-4-5
Aisha,2-9-2
Cicely,5-7-3
Anitra,2-7-9
Bianca,2-1-3
Vonetta,3-4-7
Latarsha,3-5-8
Nyree,1-3-4
Alexa,7-9-7
Fatima,2-3-5
Keshia,6-2-8
Daniela,7-3-1
Danyelle,2-4-6
Mendy,5-2-7
Charissa,2-4-6
Shantell,6-4-1
Marquita,5-5-1
Briana,2-7-9
Chanel,6-1-7
Danyell,6-4-1
Sunshine,8-2-1
Nia,1-5-6
Nikia,1-7-8
Jamila,2-8-1
Tanika,2-9-2
Brande,6-2-8
Meagan,7-7-5
Jasmin,1-2-3
Maranda,3-4-7
Lakeshia,7-5-3
Kyla,1-3-4
Syreeta,2-1-3
Luciana,5-2-7
Tobi,6-4-1
Alanna,3-4-7
Mistie,5-7-3
Tamica,2-9-2
Carisa,2-4-6
Cherish,5-2-7
Cecily,5-7-3
Haley,6-9-6
Mandi,1-4-5
Daniele,2-3-5
Tamisha,2-6-8
Tanesha,7-7-5
Danyel,6-1-7
Gabriella,7-6-4
Tiana,2-7-9
Mandie,6-4-1
Harmony,7-8-6
Shameka,7-6-4
Spring,9-2-2
Destiny,5-1-6
Nakisha,2-7-9
Tamekia,7-8-6
Ayana,3-3-6
Rashida,2-4-6
Yadira,2-2-4
Alesha,7-3-1
Kacey,6-3-9
Shawanda,3-5-8
Shamika,2-6-8
Takisha,2-4-6
Pepper,1-3-4
Kandice,6-5-2
Alina,2-8-1
Meggan,6-5-2
Farrah,2-5-7
Tennille,1-9-1
Nadia,2-9-2
Rhiannon,7-5-3
Jillian,1-3-4
January,5-4-9
Khalilah,2-6-8
Janae,7-6-4
Jaimee,2-5-7
Farah,2-5-7
Chana,2-7-9
Sommer,2-9-2
Shayna,2-3-5
Shasta,2-3-5
Torrie,2-2-4
Ashlee,2-3-5
Carina,2-8-1
Chaka,2-4-6
Trish,9-2-2
Rayna,2-3-5
Brianna,2-3-5
Eboni,2-7-9
Kenisha,6-7-4
Caitlin,1-4-5
Latoria,8-5-4
Torie,2-2-4
Venessa,2-2-4
Shanika,2-7-9
Shandra,2-9-2
Kizzy,9-7-7
Qiana,2-4-6
Talia,2-5-7
Hayley,6-7-4
Shawnte,6-3-9
Shante,6-7-4
Salena,7-9-7
Liana,2-8-1
Quiana,5-4-9
Kamilah,2-8-1
Shalon,7-8-6
Latesha,7-5-3
Iesha,6-9-6
Brittney,5-9-5
Danica,2-3-5
Jenelle,6-3-9
Yasmin,1-8-9
Lashunda,5-3-8
Malia,2-7-9
Adrianna,3-5-8
Tarah,2-1-3
Tenisha,6-7-4
Shawnna,2-6-8
Chante,6-9-6
Karissa,2-4-6
Corie,2-3-5
Chrissy,9-2-2
Kylie,5-3-8
Aja,2-1-3
Meghann,6-2-8
Crissy,9-3-3
Meaghan,7-6-4
Shavon,7-9-7
Brianne,6-3-9
Krissy,9-2-2
Shavonne,3-5-8
Lacie,6-6-3
Shanita,2-7-9
Desirae,2-5-7
Abbey,6-2-8
Lyndsey,5-9-5
Shaunna,5-1-6
Marlana,3-3-6
Ariane,7-5-3
Kylee,1-3-4
Sierra,6-1-7
Leia,6-3-9
Natosha,8-7-6
Ariana,3-5-8
Somer,2-5-7
Ashleigh,6-9-6
Star,1-3-4
Alaina,3-8-2
Casie,6-4-1
Kindra,1-2-3
Precious,5-2-7
Kiana,2-7-9
Winter,5-3-8
Viviana,2-4-6
Breanne,2-3-5
Siobhan,7-7-5
Maren,6-9-6
Kylene,1-8-9
Breanna,7-3-1
Ashanti,2-7-9
Asia,2-1-3
Lyndsay,1-9-1
Sharee,2-9-2
Kacy,1-3-4
Princess,5-8-4
Ayesha,7-9-7
Rikki,9-4-4
Lynsey,5-5-1
Shaneka,7-7-5
Linsey,5-7-3
Loni,6-8-5
Perla,6-1-7
Kristyn,9-8-8
Anya,2-3-5
Mariana,3-9-3
Renada,7-9-7
Kacie,6-5-2
Britney,5-7-3
Reyna,6-3-9
Chimere,1-6-7
Kaci,1-5-6
Brynn,7-3-1
Laci,1-6-7
Tai,1-2-3
Ashlie,6-3-9
Jessi,5-3-8
Tatiana,3-9-3
Kati,1-4-5
Krystle,5-6-2
Tierra,6-2-8
Tiara,2-2-4
Fallon,7-8-6
Evita,6-6-3
Kaitlin,1-3-4
Martine,6-2-8
Kassandra,3-4-7
Jesica,6-5-2
Alexia,7-9-7
Toccara,8-8-7
Latoyia,8-3-2
Tashina,2-7-9
Chaya,2-9-2
Joi,6-1-7
Daniella,7-6-4
Katelyn,6-1-7
Kandace,7-5-3
Shanell,6-2-8
Kourtney,5-7-3
Nereida,2-9-2
Jazmin,1-9-1
Chelsey,1-4-5
Kaleena,3-1-4
Kala,2-5-7
Kassie,6-4-1
Jenilee,6-9-6
Emilee,6-7-4
Cassondra,8-5-4
Shaina,2-5-7
Shakira,2-2-4
Ciara,2-3-5
Hailey,6-9-6
Kali,1-5-6
Shena,6-5-2
Falon,7-5-3
Tawny,1-1-2
Arielle,2-6-8
Ashly,1-1-2
Chelsie,1-6-7
Tenika,6-9-6
Sharita,2-2-4
Cristen,5-2-7
Tabetha,7-5-3
Krysta,1-3-4
Carley,6-4-1
Arianna,3-1-4
Mallory,7-1-8
Kaitlyn,1-1-2
Ciji,9-4-4
Ashely,6-1-7
Giselle,1-5-6
Tess,5-4-9
Maegan,7-7-5
Echo,2-2-4
Dwan,1-5-6
Britni,9-9-9
Ashli,1-3-4
Paola,8-1-9
Ashlea,7-3-1
Caitlyn,1-2-3
Tyesha,6-9-6
Maira,2-4-6
Brittani,1-2-3
Tasia,2-3-5
Grisel,5-2-7
Kaylee,2-3-5
Shenna,6-1-7
Teela,2-5-7
Savanna,3-6-9
Breann,6-3-9
Mckenzie,1-4-5
Janessa,7-8-6
Kasandra,3-3-6
Markita,2-8-1
Karly,1-3-4
Magen,6-7-4
Dannielle,2-2-4
Cierra,6-3-9
Sade,6-5-2
Krystina,1-8-9
Micaela,7-1-8
Ciera,6-3-9
Brittni,9-2-2
Kayleigh,6-9-6
Britany,1-7-8
Alyse,6-2-8
Deandra,7-4-2
Brittny,9-9-9
Kaley,6-3-9
Alysha,2-1-3
Jazmine,6-9-6
Shaquita,5-1-6
Krysten,5-8-4
Brittanie,6-2-8
Krystin,9-8-8
Magan,2-7-9
Katelin,6-3-9
Violeta,3-9-3
Kasie,6-3-9
Jessika,6-5-2
Kelsie,1-6-7
Mariel,6-7-4
Shira,1-9-1
Jaqueline,5-8-4
Amberly,6-7-4
Samatha,3-6-9
Eliana,7-8-6
Kaleigh,6-2-8
Nakita,2-9-2
Phylicia,1-1-2
Brittaney,6-9-6
Katlyn,1-1-2
Shardae,7-4-2
Jerrica,6-4-1
Porsha,7-7-5
Britta,1-6-7
Sharde,6-4-1
Cherrelle,6-8-5
Katelynn,6-6-3
Mallorie,3-1-4
Cherelle,6-8-5
Malorie,3-7-1
Sable,6-6-3
Kaila,2-5-7
Ashlyn,1-6-7
Shanae,7-5-3
Sharday,2-2-4
Fabiola,8-2-1
Iliana,2-8-1
Kyrie,5-9-5
Leandra,7-3-1
Shatara,3-2-5
Kortney,2-7-9
Janay,2-4-6
Ayla,2-1-3
Cayla,2-4-6
Yessenia,2-5-7
Skye,5-1-6
Kelsi,5-6-2
Jerica,6-4-1
Tiera,6-2-8
Jesenia,2-7-9
Kaela,7-5-3
Karli,1-5-6
Porsche,2-1-3
Kalyn,1-8-9
Chanelle,2-4-6
Alessandra,8-5-4
Lakendra,7-5-3
Lauryn,4-6-1
Kaycee,2-3-5
Kailey,6-3-9
Denisse,1-2-3
Jessenia,2-8-1
Anjelica,7-3-1
Sarai,2-1-3
Tianna,2-3-5
Kaylin,1-8-9
Kaylyn,1-6-7
Denisha,6-9-6
Stephani,6-5-2
Kaylie,6-3-9
Danae,7-9-7
Shanice,6-8-5
Jaleesa,3-5-8
Jalisa,2-5-7
Whitley,5-7-3
Deja,6-5-2
Taja,2-3-5
Chelsi,5-6-2
Genesis,1-5-6
Katlin,1-3-4
Kimber,5-8-4
Brittnee,1-2-3
Kierra,6-2-8
Alexandrea,4-9-4
Anais,2-6-8
Allyssa,2-6-8
Kiersten,1-1-2
Breana,7-7-5
Diandra,2-4-6
Sarina,2-6-8
Lizbeth,5-5-1
Kiera,6-2-8
Katarina,3-9-3
Jalissa,2-6-8
Hali,1-2-3
Carli,1-6-7
Tiarra,2-2-4
Grecia,6-1-7
Moriah,7-3-1
Kaitlynn,1-6-7
Brittnie,5-2-7
Flor,6-9-6
Elizabet,2-6-8
Alexandr,7-9-7
Britny,9-7-7
Katherin,6-8-5
Mikayla,2-7-9
Audrianna,6-5-2
Kirstie,5-5-1
Asha,2-9-2
Kallie,6-8-5
Kelsea,2-6-8
Bryanna,2-1-3
Audriana,6-9-6
Danika,2-2-4
Gianna,2-8-1
Makayla,3-7-1
Martika,2-8-1
Mikaela,7-9-7
Destinee,6-3-9
Brittnay,1-9-1
Yajaira,3-8-2
Yasmine,6-8-5
Shaniqua,5-4-9
Shanelle,2-2-4
Lizeth,5-3-8
Joana,8-6-5
Ryann,1-8-9
Isamar,2-5-7
Latifah,2-1-3
Kanisha,2-7-9
Rubi,3-2-5
Mariela,7-7-5
Symone,2-8-1
Ivana,2-9-2
Heaven,2-8-1
Lucero,5-6-2
Shelbi,5-5-1
Alysa,2-2-4
Dulce,8-1-9
Brooklyn,3-1-4
Nataly,2-8-1
Imani,1-9-1
Kalie,6-5-2
Alannah,3-3-6
Fiona,7-2-9
Kanesha,7-7-5
Laken,6-1-7
Haleigh,6-8-5
Eryn,5-3-8
Elyssa,6-3-9
Shelbie,1-5-6
Demi,5-8-4
Ieshia,6-9-6
Makenzie,2-1-3
Shanequa,1-4-5
Karlee,2-5-7
Haylee,2-9-2
Cheyanne,2-1-3
Estefania,3-5-8
Halie,6-2-8
Chynna,1-1-2
Karlie,6-5-2
Stormy,6-5-2
Delaney,2-1-3
Carlee,2-6-8
Kailee,2-5-7
Alayna,3-6-9
Mckenna,6-1-7
Shaquana,6-4-1
Tiesha,6-2-8
Brielle,1-8-9
Marcela,7-1-8
Myranda,2-2-4
Miriah,1-3-4
Alexus,9-1-1
Kelcie,1-8-9
Emerald,2-2-4
Giovanna,8-3-2
Bryana,2-5-7
China,1-7-8
Essence,6-1-7
Bria,1-2-3
Aracely,7-6-4
Aubree,5-2-7
Chelsy,5-4-9
Miesha,6-4-1
Cinthia,1-9-1
Brianda,2-2-4
Hailee,2-2-4
Karley,6-3-9
Ashlynn,1-2-3
Macey,6-5-2
Tatyana,3-7-1
Shawnee,2-1-3
Brea,6-2-8
Joselyn,2-8-1
Ivonne,2-5-7
Katerina,7-9-7
Marlee,2-7-9
Breonna,3-3-6
Shaniece,2-8-1
Kaylynn,1-2-3
Kinsey,5-6-2
Kenia,6-7-4
Destini,5-3-8
Kayley,6-1-7
Lexus,8-1-9
Selene,6-9-6
Yaritza,2-8-1
Khadijah,2-5-7
Kadijah,2-6-8
Halle,6-5-2
Brionna,7-3-1
Destiney,1-1-2
Jazmyn,1-7-8
Yazmin,1-6-7
Itzel,5-4-9
Kassidy,1-6-7
Coraima,8-7-6
Shannen,6-6-3
Kailyn,1-8-9
Kalene,2-1-3
Katlynn,1-6-7
Lexi,5-9-5
Deyanira,7-7-5
Yasmeen,2-8-1
Shyanne,6-8-5
Viridiana,2-4-6
Kaylene,2-8-1
Crysta,1-4-5
Reina,6-5-2
Alondra,8-3-2
Kayli,1-3-4
Nayeli,6-6-3
Jasmyn,1-9-1
Aspen,6-4-1
Jasmyne,6-9-6
Paloma,8-5-4
Eleni,1-8-9
Hana,2-4-6
Aaliyah,3-9-3
Aliyah,2-9-2
Dalia,2-7-9
Zhane,6-3-9
Mckayla,2-1-3
Clarisa,2-7-9
Mikala,2-9-2
Dayana,3-7-1
Maddison,7-9-7
Kianna,2-3-5
Kenzie,1-6-7
Bailee,2-5-7
Sydnee,1-8-9
Haylie,6-9-6
Nohely,2-5-7
Makenna,7-7-5
Vanesa,7-1-8
Cydney,5-8-4
Aleah,7-2-9
Shyann,1-8-9
Valentina,7-1-8
Caitlynn,1-7-8
Tatum,4-8-3
Adilene,2-3-5
Isis,9-2-2
Tatianna,3-5-8
Baylee,2-3-5
Shania,2-5-7
Jocelyne,7-1-8
Daisha,2-4-6
Kaelyn,6-8-5
Jayla,2-2-4
Dasia,2-5-7
Emely,1-5-6
Sydni,9-8-8
Abbigail,2-5-7
Miracle,6-1-7
Zoey,2-6-8
Unique,2-4-6
Iridian,1-9-1
Brooklynn,3-6-9
Alia,2-3-5
Keanna,7-3-1
Alivia,2-7-9
Daija,2-5-7
Sydnie,5-8-4
Fernanda,7-2-9
Daja,2-5-7
Lesly,5-5-1
Annika,2-3-5
Kyleigh,5-9-5
Sienna,6-2-8
Ciarra,2-3-5
Maci,1-7-8
Destany,6-1-7
Tamia,2-6-8
Moesha,3-4-7
Odalys,7-8-6
Yamilex,6-2-8
Zaria,2-8-1
Mireya,6-2-8
Alize,6-2-8
Xena,6-2-8
Dania,2-9-2
Katia,2-4-6
Maia,2-4-6
Amani,2-9-2
Shianne,6-1-7
Madisen,6-5-2
Odalis,7-8-6
Kaylah,2-2-4
Sarahi,2-9-2
Jailene,2-9-2
Jazlyn,1-6-7
Alyssia,2-3-5
Chyna,1-5-6
Estefany,2-3-5
Ansley,6-7-4
Madyson,7-5-3
Jaycie,6-2-8
Jacey,6-2-8
Lexis,5-1-6
Daijah,2-4-6
Joslyn,6-8-5
Dejah,6-4-1
Yulissa,4-3-7
Anahi,2-4-6
Aylin,1-6-7
Julisa,4-5-9
Salma,2-8-1
Madisyn,1-3-4
Erykah,6-8-5
Gisselle,1-6-7
Raegan,7-3-1
Tea,6-2-8
Estrella,2-9-2
Jayda,2-3-5
Rylie,5-1-6
Makala,3-9-3
Taya,2-9-2
Kaylan,2-8-1
Camila,2-1-3
Annalise,7-5-3
Jazmyne,6-7-4
Keeley,6-3-9
Shaylee,2-1-3
Savana,3-1-4
Madelynn,6-1-7
Micayla,2-8-1
Maeve,2-8-1
Nautica,5-1-6
Cali,1-6-7
Serenity,1-6-7
Yulisa,4-2-6
Baylie,6-3-9
Samara,3-5-8
Mya,1-2-3
Ally,1-4-5
Myah,1-1-2
Reanna,7-1-8
Madilyn,1-5-6
Felicity,5-3-8
Ireland,6-3-9
Skyla,1-4-5
Willow,6-7-4
Jaida,2-5-7
Abigayle,7-1-8
Jaelyn,6-7-4
Rhianna,2-9-2
Amira,2-4-6
Shae,6-9-6
Zoie,2-8-1
Caleigh,6-3-9
Abril,1-5-6
Deasia,7-5-3
Kaylen,6-8-5
Tayla,2-3-5
Alexys,6-8-5
Jaycee,2-2-4
Jayde,6-3-9
Kennedi,1-7-8
Amaya,3-2-5
Piper,5-5-1
Aniya,2-3-5
Noelia,3-8-2
Kiarra,2-2-4
Shaniya,2-3-5
Keara,7-2-9
Emmalee,7-2-9
Aiyana,3-3-6
Miya,1-2-3
Jalyn,1-7-8
Nyasia,2-4-6
Aniyah,2-2-4
Jaylene,2-7-9
Kyara,2-9-2
Citlalli,1-5-6
Abigale,7-3-1
Isabela,7-6-4
Tatyanna,3-3-6
Journey,5-4-9
Ryleigh,5-7-3
Aliya,2-1-3
Sky,7-3-1
Shyla,1-1-2
Bryn,7-7-5
Abagail,3-3-6
Izabella,7-7-5
Nya,1-3-4
Saige,6-8-5
Jakayla,3-4-7
Litzy,9-2-2
Brisa,1-3-4
Amya,2-2-4
Jackeline,2-5-7
Kaya,2-9-2
Jaquelin,9-8-8
Hailie,6-2-8
Nyah,1-2-3
Amara,3-4-7
Dariana,3-9-3
Yamilet,6-7-4
Monserrat,3-3-6
Cielo,2-6-8
Aryanna,3-8-2
Anaya,3-3-6
Arely,6-1-7
Kaia,2-2-4
Maryam,2-6-8
Anjali,2-9-2
Lilliana,2-5-7
Amiya,2-2-4
Belen,1-1-2
Aliza,2-2-4
Keira,6-2-8
Janiya,2-4-6
Ashtyn,1-5-6
Neha,6-4-1
Laisha,2-3-5
Amina,2-9-2
Jailyn,1-7-8
Kenna,6-3-9
Iyana,2-3-5
Maiya,2-2-4
Marlen,6-3-9
Nevaeh,2-8-1
Ainsley,6-7-4
Yuliana,5-6-2
Beyonce,7-8-6
Nayely,6-4-1
Johana,8-5-4
Nallely,6-3-9
Kaiya,2-9-2
Meadow,3-4-7
Makaila,3-9-3
Kya,1-9-1
Ximena,6-6-3
Jimena,6-1-7
Melany,6-1-7
Jamya,2-3-5
Taina,2-7-9
Aubrie,9-2-2
Frida,1-1-2
Kaliyah,2-2-4
Mikaila,2-9-2
Taliyah,2-2-4
Taniya,2-5-7
Citlali,1-2-3
Annabella,8-9-8
Dafne,6-6-3
Hayleigh,6-6-3
Yoselin,2-7-9
Areli,6-3-9
Madalynn,2-1-3
Priscila,1-5-6
Miah,1-3-4
Keila,6-5-2
Natalya,3-8-2
Jaylynn,1-1-2
Rianna,2-1-3
Sheyla,6-1-7
Aryana,3-3-6
Elle,1-6-7
Lisbeth,5-7-3
Evelin,1-3-4
Makena,7-2-9
Jaliyah,2-1-3
Keyla,6-3-9
Giana,2-3-5
Maleah,7-6-4
Shreya,6-7-4
Maliyah,2-4-6
Samira,2-5-7
Jalynn,1-3-4
Galilea,7-4-2
Riya,1-7-8
Cadence,2-6-8
Iyanna,2-8-1
Kiya,1-9-1
Jaylyn,1-5-6
Estefani,2-5-7
Yareli,6-1-7
Dayanara,4-7-2
Janiyah,2-3-5
Taniyah,2-4-6
Sanaa,3-6-9
Yahaira,3-6-9
Kadence,2-5-7
Amiyah,2-1-3
Tamya,2-4-6
Sherlyn,5-6-2
Natalee,3-1-4
Lainey,6-6-3
Angeles,2-7-9
Karyme,6-4-1
Arly,1-1-2
Saniya,2-4-6
Sariah,2-9-2
Kaydence,2-3-5
Alani,2-8-1
Amaris,2-5-7
Charlize,6-4-1
Kimora,7-6-4
Xiomara,8-1-9
Marin,1-9-1
Diya,1-2-3
Treasure,5-3-8
Aleena,3-8-2
Saniyah,2-3-5
Addyson,7-5-3
Karis,1-3-4
Gracelyn,6-7-4
Jaylee,2-2-4
Nathaly,2-7-9
Livia,1-7-8
Jayleen,2-7-9
Janiah,2-5-7
Gwyneth,5-7-3
Zariah,2-7-9
Averie,2-4-6
Heidy,5-1-6
Mikalah,2-8-1
Arleth,6-4-1
Karma,2-6-8
Siena,6-6-3
Jaelynn,6-3-9
Anabelle,3-4-7
Naima,2-9-2
Anneliese,7-5-3
Zara,2-8-1
Elliana,7-2-9
Kinsley,5-9-5
Selah,6-3-9
Jolette,7-8-6
Brylee,1-3-4
Myla,1-5-6
Yuridia,4-2-6
Montserrat,3-5-8
Valery,6-5-2
Lilianna,2-7-9
Leyla,6-4-1
Rihanna,2-9-2
Addisyn,1-3-4
Akeelah,3-4-7
Adison,7-1-8
Lilyana,2-9-2
Nathalia,3-9-3
Paisley,6-9-6
Yaretzi,6-8-5
Scarlet,6-9-6
Braelyn,6-8-5
Kamila,2-9-2
Cailyn,1-9-1
Bethzy,5-9-5
Adyson,7-1-8
Joselin,2-1-3
Mariyah,2-1-3
Kinley,5-8-4
Jaylah,2-1-3
Charlee,2-5-7
Adamaris,3-9-3
Malaya,3-5-8
Khloe,2-4-6
Amirah,2-3-5
Briley,5-3-8
Jorja,7-2-9
Rayne,6-3-9
Sanai,2-6-8
Dahlia,2-6-8
Lorelai,3-6-9
Neveah,2-8-1
Izabelle,2-7-9
Miley,5-5-1
Mylee,1-5-6
Jordin,6-1-7
Jaslene,2-1-3
Audrina,5-9-5
Azul,4-2-6
Marely,6-5-2
Shiloh,6-2-8
Madilynn,1-1-2
Jaeda,7-5-3
Jazlynn,1-2-3
Londyn,6-6-3
Giada,2-2-4
Adelyn,6-1-7
Jocelynn,2-6-8
Mylie,5-5-1
Adalyn,2-1-3
Aliana,3-8-2
Giuliana,5-6-2
Azaria,3-8-2
Zaniyah,2-1-3
Alyvia,2-5-7
Joseline,7-1-8
Kelis,5-6-2
Lillianna,2-1-3
Kylah,1-2-3
Hadassah,3-4-7
Allisson,7-4-2
Caylee,2-4-6
Mareli,6-7-4
Dayami,2-6-8
Alisson,7-1-8
Nylah,1-5-6
Jazlene,2-8-1
Adalynn,2-6-8
Jaslyn,1-8-9
Gemma,6-6-3
Lailah,2-5-7
Brynlee,1-8-9
Raelynn,6-2-8
Marlie,6-7-4
Anabella,8-4-3
Ariella,7-6-4
Kamora,8-6-5
Paityn,1-3-4
Payten,6-3-9
Amiah,2-3-5
Averi,6-4-1
Avah,2-3-5
Karsyn,1-6-7
Jamiya,2-3-5
Laylah,2-3-5
Carleigh,6-3-9
Kenley,1-8-9
Sloane,3-9-3
Elianna,7-4-2
